PRAGMA foreign_keys=OFF;
BEGIN TRANSACTION;
CREATE TABLE IF NOT EXISTS "django_migrations" ("id" integer NOT NULL PRIMARY KEY AUTOINCREMENT, "app" varchar(255) NOT NULL, "name" varchar(255) NOT NULL, "applied" datetime NOT NULL);
INSERT INTO django_migrations VALUES(1,'contenttypes','0001_initial','2020-01-09 08:38:44.498936');
INSERT INTO django_migrations VALUES(2,'auth','0001_initial','2020-01-09 08:38:44.518152');
INSERT INTO django_migrations VALUES(3,'admin','0001_initial','2020-01-09 08:38:44.539451');
INSERT INTO django_migrations VALUES(4,'admin','0002_logentry_remove_auto_add','2020-01-09 08:38:44.557226');
INSERT INTO django_migrations VALUES(5,'admin','0003_logentry_add_action_flag_choices','2020-01-09 08:38:44.570113');
INSERT INTO django_migrations VALUES(6,'contenttypes','0002_remove_content_type_name','2020-01-09 08:38:44.596328');
INSERT INTO django_migrations VALUES(7,'auth','0002_alter_permission_name_max_length','2020-01-09 08:38:44.604145');
INSERT INTO django_migrations VALUES(8,'auth','0003_alter_user_email_max_length','2020-01-09 08:38:44.616944');
INSERT INTO django_migrations VALUES(9,'auth','0004_alter_user_username_opts','2020-01-09 08:38:44.630949');
INSERT INTO django_migrations VALUES(10,'auth','0005_alter_user_last_login_null','2020-01-09 08:38:44.643000');
INSERT INTO django_migrations VALUES(11,'auth','0006_require_contenttypes_0002','2020-01-09 08:38:44.645317');
INSERT INTO django_migrations VALUES(12,'auth','0007_alter_validators_add_error_messages','2020-01-09 08:38:44.657426');
INSERT INTO django_migrations VALUES(13,'auth','0008_alter_user_username_max_length','2020-01-09 08:38:44.669487');
INSERT INTO django_migrations VALUES(14,'auth','0009_alter_user_last_name_max_length','2020-01-09 08:38:44.681692');
INSERT INTO django_migrations VALUES(15,'auth','0010_alter_group_name_max_length','2020-01-09 08:38:44.692487');
INSERT INTO django_migrations VALUES(16,'auth','0011_update_proxy_permissions','2020-01-09 08:38:44.703487');
INSERT INTO django_migrations VALUES(17,'sessions','0001_initial','2020-01-09 08:38:44.707855');
INSERT INTO django_migrations VALUES(18,'vmm','0001_initial','2020-01-09 08:39:07.550900');
INSERT INTO django_migrations VALUES(19,'vmm','0002_auto_20200113_0723','2020-01-13 07:23:07.990513');
INSERT INTO django_migrations VALUES(20,'vmm','0003_auto_20200117_0841','2020-01-17 08:41:25.340329');
INSERT INTO django_migrations VALUES(21,'vmm','0004_folder','2020-01-18 10:57:50.130474');
INSERT INTO django_migrations VALUES(22,'vmm','0005_com_model','2020-01-28 08:33:24.720981');
INSERT INTO django_migrations VALUES(23,'vmm','0006_load_models_conf_model_id','2020-02-04 03:33:55.935136');
INSERT INTO django_migrations VALUES(24,'vmm','0007_auto_20200204_1741','2020-02-04 09:42:11.355937');
INSERT INTO django_migrations VALUES(25,'vmm','0008_load_models_conf_serial','2020-02-04 10:58:45.777832');
INSERT INTO django_migrations VALUES(26,'vmm','0009_auto_20200204_1937','2020-02-04 11:37:22.577349');
INSERT INTO django_migrations VALUES(27,'vmm','0010_auto_20200206_0244','2020-02-05 18:44:26.351814');
INSERT INTO django_migrations VALUES(28,'vmm','0011_views_type','2020-02-06 00:26:33.095656');
INSERT INTO django_migrations VALUES(29,'vmm','0012_auto_20200206_0828','2020-02-06 00:29:12.131179');
INSERT INTO django_migrations VALUES(30,'vmm','0013_auto_20200208_1742','2020-02-08 09:42:51.259018');
INSERT INTO django_migrations VALUES(31,'vmm','0014_auto_20200209_1610','2020-02-09 08:10:19.729397');
INSERT INTO django_migrations VALUES(32,'vmm','0015_users','2020-02-16 02:43:22.375123');
INSERT INTO django_migrations VALUES(33,'vmm','0016_auto_20200216_1523','2020-02-16 07:23:43.460656');
CREATE TABLE IF NOT EXISTS "auth_group_permissions" ("id" integer NOT NULL PRIMARY KEY AUTOINCREMENT, "group_id" integer NOT NULL REFERENCES "auth_group" ("id") DEFERRABLE INITIALLY DEFERRED, "permission_id" integer NOT NULL REFERENCES "auth_permission" ("id") DEFERRABLE INITIALLY DEFERRED);
CREATE TABLE IF NOT EXISTS "auth_user_groups" ("id" integer NOT NULL PRIMARY KEY AUTOINCREMENT, "user_id" integer NOT NULL REFERENCES "auth_user" ("id") DEFERRABLE INITIALLY DEFERRED, "group_id" integer NOT NULL REFERENCES "auth_group" ("id") DEFERRABLE INITIALLY DEFERRED);
CREATE TABLE IF NOT EXISTS "auth_user_user_permissions" ("id" integer NOT NULL PRIMARY KEY AUTOINCREMENT, "user_id" integer NOT NULL REFERENCES "auth_user" ("id") DEFERRABLE INITIALLY DEFERRED, "permission_id" integer NOT NULL REFERENCES "auth_permission" ("id") DEFERRABLE INITIALLY DEFERRED);
CREATE TABLE IF NOT EXISTS "django_admin_log" ("id" integer NOT NULL PRIMARY KEY AUTOINCREMENT, "action_time" datetime NOT NULL, "object_id" text NULL, "object_repr" varchar(200) NOT NULL, "change_message" text NOT NULL, "content_type_id" integer NULL REFERENCES "django_content_type" ("id") DEFERRABLE INITIALLY DEFERRED, "user_id" integer NOT NULL REFERENCES "auth_user" ("id") DEFERRABLE INITIALLY DEFERRED, "action_flag" smallint unsigned NOT NULL CHECK ("action_flag" >= 0));
INSERT INTO django_admin_log VALUES(1,'2020-02-11 04:45:11.027654','86','com_model object (86)','[{"changed": {"fields": ["Isdelete"]}}]',9,1,2);
INSERT INTO django_admin_log VALUES(2,'2020-02-11 04:45:53.005331','80','com_model object (80)','[{"changed": {"fields": ["Isdelete"]}}]',9,1,2);
INSERT INTO django_admin_log VALUES(3,'2020-02-11 04:54:45.993524','91','com_model object (91)','[{"changed": {"fields": ["Isdelete"]}}]',9,1,2);
CREATE TABLE IF NOT EXISTS "django_content_type" ("id" integer NOT NULL PRIMARY KEY AUTOINCREMENT, "app_label" varchar(100) NOT NULL, "model" varchar(100) NOT NULL);
INSERT INTO django_content_type VALUES(1,'admin','logentry');
INSERT INTO django_content_type VALUES(2,'auth','permission');
INSERT INTO django_content_type VALUES(3,'auth','group');
INSERT INTO django_content_type VALUES(4,'auth','user');
INSERT INTO django_content_type VALUES(5,'contenttypes','contenttype');
INSERT INTO django_content_type VALUES(6,'sessions','session');
INSERT INTO django_content_type VALUES(7,'vmm','load_models_conf');
INSERT INTO django_content_type VALUES(8,'vmm','folder');
INSERT INTO django_content_type VALUES(9,'vmm','com_model');
INSERT INTO django_content_type VALUES(10,'vmm','views');
INSERT INTO django_content_type VALUES(11,'vmm','display_views');
INSERT INTO django_content_type VALUES(12,'vmm','users');
CREATE TABLE IF NOT EXISTS "auth_permission" ("id" integer NOT NULL PRIMARY KEY AUTOINCREMENT, "content_type_id" integer NOT NULL REFERENCES "django_content_type" ("id") DEFERRABLE INITIALLY DEFERRED, "codename" varchar(100) NOT NULL, "name" varchar(255) NOT NULL);
INSERT INTO auth_permission VALUES(1,1,'add_logentry','Can add log entry');
INSERT INTO auth_permission VALUES(2,1,'change_logentry','Can change log entry');
INSERT INTO auth_permission VALUES(3,1,'delete_logentry','Can delete log entry');
INSERT INTO auth_permission VALUES(4,1,'view_logentry','Can view log entry');
INSERT INTO auth_permission VALUES(5,2,'add_permission','Can add permission');
INSERT INTO auth_permission VALUES(6,2,'change_permission','Can change permission');
INSERT INTO auth_permission VALUES(7,2,'delete_permission','Can delete permission');
INSERT INTO auth_permission VALUES(8,2,'view_permission','Can view permission');
INSERT INTO auth_permission VALUES(9,3,'add_group','Can add group');
INSERT INTO auth_permission VALUES(10,3,'change_group','Can change group');
INSERT INTO auth_permission VALUES(11,3,'delete_group','Can delete group');
INSERT INTO auth_permission VALUES(12,3,'view_group','Can view group');
INSERT INTO auth_permission VALUES(13,4,'add_user','Can add user');
INSERT INTO auth_permission VALUES(14,4,'change_user','Can change user');
INSERT INTO auth_permission VALUES(15,4,'delete_user','Can delete user');
INSERT INTO auth_permission VALUES(16,4,'view_user','Can view user');
INSERT INTO auth_permission VALUES(17,5,'add_contenttype','Can add content type');
INSERT INTO auth_permission VALUES(18,5,'change_contenttype','Can change content type');
INSERT INTO auth_permission VALUES(19,5,'delete_contenttype','Can delete content type');
INSERT INTO auth_permission VALUES(20,5,'view_contenttype','Can view content type');
INSERT INTO auth_permission VALUES(21,6,'add_session','Can add session');
INSERT INTO auth_permission VALUES(22,6,'change_session','Can change session');
INSERT INTO auth_permission VALUES(23,6,'delete_session','Can delete session');
INSERT INTO auth_permission VALUES(24,6,'view_session','Can view session');
INSERT INTO auth_permission VALUES(25,7,'add_load_models_conf','Can add load_models_conf');
INSERT INTO auth_permission VALUES(26,7,'change_load_models_conf','Can change load_models_conf');
INSERT INTO auth_permission VALUES(27,7,'delete_load_models_conf','Can delete load_models_conf');
INSERT INTO auth_permission VALUES(28,7,'view_load_models_conf','Can view load_models_conf');
INSERT INTO auth_permission VALUES(29,8,'add_folder','Can add folder');
INSERT INTO auth_permission VALUES(30,8,'change_folder','Can change folder');
INSERT INTO auth_permission VALUES(31,8,'delete_folder','Can delete folder');
INSERT INTO auth_permission VALUES(32,8,'view_folder','Can view folder');
INSERT INTO auth_permission VALUES(33,9,'add_com_model','Can add com_model');
INSERT INTO auth_permission VALUES(34,9,'change_com_model','Can change com_model');
INSERT INTO auth_permission VALUES(35,9,'delete_com_model','Can delete com_model');
INSERT INTO auth_permission VALUES(36,9,'view_com_model','Can view com_model');
INSERT INTO auth_permission VALUES(37,10,'add_views','Can add views');
INSERT INTO auth_permission VALUES(38,10,'change_views','Can change views');
INSERT INTO auth_permission VALUES(39,10,'delete_views','Can delete views');
INSERT INTO auth_permission VALUES(40,10,'view_views','Can view views');
INSERT INTO auth_permission VALUES(41,11,'add_display_views','Can add display_views');
INSERT INTO auth_permission VALUES(42,11,'change_display_views','Can change display_views');
INSERT INTO auth_permission VALUES(43,11,'delete_display_views','Can delete display_views');
INSERT INTO auth_permission VALUES(44,11,'view_display_views','Can view display_views');
INSERT INTO auth_permission VALUES(45,12,'add_users','Can add users');
INSERT INTO auth_permission VALUES(46,12,'change_users','Can change users');
INSERT INTO auth_permission VALUES(47,12,'delete_users','Can delete users');
INSERT INTO auth_permission VALUES(48,12,'view_users','Can view users');
CREATE TABLE IF NOT EXISTS "auth_user" ("id" integer NOT NULL PRIMARY KEY AUTOINCREMENT, "password" varchar(128) NOT NULL, "last_login" datetime NULL, "is_superuser" bool NOT NULL, "username" varchar(150) NOT NULL UNIQUE, "first_name" varchar(30) NOT NULL, "email" varchar(254) NOT NULL, "is_staff" bool NOT NULL, "is_active" bool NOT NULL, "date_joined" datetime NOT NULL, "last_name" varchar(150) NOT NULL);
INSERT INTO auth_user VALUES(1,'pbkdf2_sha256$180000$bnBfNCoSDg0r$rnrRedOr7LceA7znHRCVWJ7K8hQP1aqrgYCaY9UpHKE=','2020-02-16 08:55:07.108418',1,'admin','','andforever@126.com',1,1,'2020-02-08 04:51:44.965201','');
CREATE TABLE IF NOT EXISTS "auth_group" ("id" integer NOT NULL PRIMARY KEY AUTOINCREMENT, "name" varchar(150) NOT NULL UNIQUE);
CREATE TABLE IF NOT EXISTS "django_session" ("session_key" varchar(40) NOT NULL PRIMARY KEY, "session_data" text NOT NULL, "expire_date" datetime NOT NULL);
INSERT INTO django_session VALUES('88t3opoy5jy14if1y39se2hnh37x7kq4','MjIzNjliYTlkMzY0ODM2ZjJiMWU3NmM3MjhmZWY5MDJiODgyNWIwNTp7Il9hdXRoX3VzZXJfaWQiOiIxIiwiX2F1dGhfdXNlcl9iYWNrZW5kIjoiZGphbmdvLmNvbnRyaWIuYXV0aC5iYWNrZW5kcy5Nb2RlbEJhY2tlbmQiLCJfYXV0aF91c2VyX2hhc2giOiJmOTllNDRkNDc1YTc0NzBjODc3YzRiMGRmNzU1MjY2NjkwMDViNThkIn0=','2020-02-22 04:52:39.760886');
INSERT INTO django_session VALUES('dm67qbn1qtfk4zxygp23vsqiv68weql3','MjIzNjliYTlkMzY0ODM2ZjJiMWU3NmM3MjhmZWY5MDJiODgyNWIwNTp7Il9hdXRoX3VzZXJfaWQiOiIxIiwiX2F1dGhfdXNlcl9iYWNrZW5kIjoiZGphbmdvLmNvbnRyaWIuYXV0aC5iYWNrZW5kcy5Nb2RlbEJhY2tlbmQiLCJfYXV0aF91c2VyX2hhc2giOiJmOTllNDRkNDc1YTc0NzBjODc3YzRiMGRmNzU1MjY2NjkwMDViNThkIn0=','2020-03-01 08:55:07.219122');
CREATE TABLE IF NOT EXISTS "vmm_com_model" ("id" integer NOT NULL PRIMARY KEY AUTOINCREMENT, "model_name" varchar(255) NOT NULL, "folder_id" integer NOT NULL, "url" varchar(255) NOT NULL, "f_createtime" datetime NOT NULL, "is_delete" bool NOT NULL);
INSERT INTO vmm_com_model VALUES(10,'gongzuotai.STL',16,'/static/models/钻床模型/1580832149111749.STL','2020-02-04 16:02:29.113743',0);
INSERT INTO vmm_com_model VALUES(11,'handle.STL',16,'/static/models/钻床模型/1580832149401996.STL','2020-02-04 16:02:29.403990',0);
INSERT INTO vmm_com_model VALUES(12,'handle_ashok.STL',16,'/static/models/钻床模型/1580832149665267.STL','2020-02-04 16:02:29.665267',0);
INSERT INTO vmm_com_model VALUES(13,'daobing.STL',16,'/static/models/钻床模型/1580832150084147.STL','2020-02-04 16:02:30.094120',0);
INSERT INTO vmm_com_model VALUES(14,'daoju.STL',16,'/static/models/钻床模型/1580832150410275.STL','2020-02-04 16:02:30.419250',0);
INSERT INTO vmm_com_model VALUES(15,'jiaju.STL',16,'/static/models/钻床模型/1580832150662600.STL','2020-02-04 16:02:30.667585',0);
INSERT INTO vmm_com_model VALUES(16,'kaiguan.STL',16,'/static/models/钻床模型/1580832150834164.STL','2020-02-04 16:02:30.834164',0);
INSERT INTO vmm_com_model VALUES(17,'jichuangzhuti1.STL',16,'/static/models/钻床模型/1580832151081478.STL','2020-02-04 16:02:31.086464',0);
INSERT INTO vmm_com_model VALUES(18,'lizhu.STL',16,'/static/models/钻床模型/1580832151258010.STL','2020-02-04 16:02:31.259003',0);
INSERT INTO vmm_com_model VALUES(19,'shengjiangchilun.STL',16,'/static/models/钻床模型/1580832151588146.STL','2020-02-04 16:02:31.589119',0);
INSERT INTO vmm_com_model VALUES(20,'stopper.STL',16,'/static/models/钻床模型/1580832151957136.STL','2020-02-04 16:02:31.959129',0);
INSERT INTO vmm_com_model VALUES(21,'jichuangzhuti.STL',16,'/static/models/钻床模型/1580832152233396.STL','2020-02-04 16:02:32.275283',0);
INSERT INTO vmm_com_model VALUES(22,'10101 立柱.STL',17,'/static/models/工作台不升降铣床/1580884709060074.STL','2020-02-05 06:38:29.062096',1);
INSERT INTO vmm_com_model VALUES(23,'daojia2.STL',18,'/static/models/车床/1581043843266162.STL','2020-02-07 02:50:43.270152',1);
INSERT INTO vmm_com_model VALUES(24,'szjp_zhua.STL',18,'/static/models/车床/1581043843409280.STL','2020-02-07 02:50:43.410277',1);
INSERT INTO vmm_com_model VALUES(25,'daojia1.STL',18,'/static/models/车床/1581043843272146.STL','2020-02-07 02:50:43.274140',1);
INSERT INTO vmm_com_model VALUES(26,'szjp_pan.STL',18,'/static/models/车床/1581043843675318.STL','2020-02-07 02:50:43.685314',1);
INSERT INTO vmm_com_model VALUES(27,'daojia_zhong.STL',18,'/static/models/车床/1581043843274141.STL','2020-02-07 02:50:43.275138',1);
INSERT INTO vmm_com_model VALUES(28,'sigang.STL',18,'/static/models/车床/1581043843982687.STL','2020-02-07 02:50:43.985678',1);
INSERT INTO vmm_com_model VALUES(29,'6140.STL',18,'/static/models/车床/1581043844181737.STL','2020-02-07 02:50:44.183685',1);
INSERT INTO vmm_com_model VALUES(30,'weizuo.STL',18,'/static/models/车床/1581043844394336.STL','2020-02-07 02:50:44.395333',1);
INSERT INTO vmm_com_model VALUES(31,'6140_WEIJIAZUO_DINFJIAN.STL',18,'/static/models/车床/1581051069583036.STL','2020-02-07 04:51:09.584032',1);
INSERT INTO vmm_com_model VALUES(32,'6140_WEIJIAZUO_SHOUBING.STL',18,'/static/models/车床/1581051069720687.STL','2020-02-07 04:51:09.734649',1);
INSERT INTO vmm_com_model VALUES(33,'6140_WEI_SHOULUN.STL',18,'/static/models/车床/1581051069571068.STL','2020-02-07 04:51:09.596001',1);
INSERT INTO vmm_com_model VALUES(34,'6140_WEIJIAZUO.STL',18,'/static/models/车床/1581051070087530.STL','2020-02-07 04:51:10.092376',1);
INSERT INTO vmm_com_model VALUES(35,'6140_daogui.STL',19,'/static/models/6140车床/1581168069563078.STL','2020-02-08 13:21:09.581029',1);
INSERT INTO vmm_com_model VALUES(36,'6140_CHITIAO.STL',19,'/static/models/6140车床/1581168069563078.STL','2020-02-08 13:21:09.581029',0);
INSERT INTO vmm_com_model VALUES(37,'6140_dizuo.STL',19,'/static/models/6140车床/1581168069816433.STL','2020-02-08 13:21:09.828367',0);
INSERT INTO vmm_com_model VALUES(38,'6140_JIN_56X1_5.STL',19,'/static/models/6140车床/1581168120176732.STL','2020-02-08 13:22:00.177729',0);
INSERT INTO vmm_com_model VALUES(39,'sigang.STL',19,'/static/models/6140车床/1581168120285448.STL','2020-02-08 13:22:00.297410',0);
INSERT INTO vmm_com_model VALUES(40,'6140_QINGDONG_SHOUBING.STL',19,'/static/models/6140车床/1581168120283450.STL','2020-02-08 13:22:00.298407',0);
INSERT INTO vmm_com_model VALUES(41,'6140_JIN_XIANG_TI.STL',19,'/static/models/6140车床/1581168120289432.STL','2020-02-08 13:22:00.307434',0);
INSERT INTO vmm_com_model VALUES(42,'6140_LIU_JIN_QIDONGGANG.STL',19,'/static/models/6140车床/1581168120681382.STL','2020-02-08 13:22:00.682379',0);
INSERT INTO vmm_com_model VALUES(43,'szjp_zhua.STL',19,'/static/models/6140车床/1581168128241503.STL','2020-02-08 13:22:08.241502',0);
INSERT INTO vmm_com_model VALUES(44,'szjp_pan.STL',19,'/static/models/6140车床/1581168128359189.STL','2020-02-08 13:22:08.369161',0);
INSERT INTO vmm_com_model VALUES(45,'6140_WEIJIAZUO_DINFJIAN.STL',19,'/static/models/6140车床/1581168134929631.STL','2020-02-08 13:22:14.929631',0);
INSERT INTO vmm_com_model VALUES(46,'6140_WEIJIAZUO.STL',19,'/static/models/6140车床/1581168135170986.STL','2020-02-08 13:22:15.175972',0);
INSERT INTO vmm_com_model VALUES(47,'6140_WEI_SHOULUN.STL',19,'/static/models/6140车床/1581168135417303.STL','2020-02-08 13:22:15.425281',0);
INSERT INTO vmm_com_model VALUES(48,'6140_WEIJIAZUO_SHOUBING.STL',19,'/static/models/6140车床/1581168135772352.STL','2020-02-08 13:22:15.782325',0);
INSERT INTO vmm_com_model VALUES(49,'6140_ZHU_DLZ_SHUCHU_DONGLI_ZHOU.STL',19,'/static/models/6140车床/1581168141998360.STL','2020-02-08 13:22:21.999357',0);
INSERT INTO vmm_com_model VALUES(50,'CAM_DRIVER_SHOUBING.STL',19,'/static/models/6140车床/1581168142156968.STL','2020-02-08 13:22:22.161923',0);
INSERT INTO vmm_com_model VALUES(51,'PART9_SB_CL_ASM.STL',19,'/static/models/6140车床/1581168142316509.STL','2020-02-08 13:22:22.323520',0);
INSERT INTO vmm_com_model VALUES(52,'6140_ZHU_XIANG_TI.STL',19,'/static/models/6140车床/1581168142303548.STL','2020-02-08 13:22:22.326510',0);
INSERT INTO vmm_com_model VALUES(53,'6140_daogui.STL',19,'/static/models/6140车床/1581168805281786.STL','2020-02-08 13:33:25.281786',0);
INSERT INTO vmm_com_model VALUES(54,'6140_daogui.STL',20,'/static/models/test/1581241157151268.STL','2020-02-09 09:39:17.151268',0);
INSERT INTO vmm_com_model VALUES(55,'6140_daogui.STL',20,'/static/models/test/1581241216902129.STL','2020-02-09 09:40:16.902128',0);
INSERT INTO vmm_com_model VALUES(56,'sigang.STL',20,'/static/models/test/1581241566844666.STL','2020-02-09 09:46:06.847685',0);
INSERT INTO vmm_com_model VALUES(57,'6140_LIU_JIN_QIDONGGANG.STL',20,'/static/models/test/1581241640663948.STL','2020-02-09 09:47:20.664916',0);
INSERT INTO vmm_com_model VALUES(58,'6140_JIN_56X1_5.STL',20,'/static/models/test/1581242066529824.STL','2020-02-09 09:54:26.529823',0);
INSERT INTO vmm_com_model VALUES(59,'6140_LIU_JIN_QIDONGGANG.STL',20,'/static/models/test/1581242086915154.STL','2020-02-09 09:54:46.916151',0);
INSERT INTO vmm_com_model VALUES(60,'sigang.STL',20,'/static/models/test/1581242134999683.STL','2020-02-09 09:55:35.001678',0);
INSERT INTO vmm_com_model VALUES(61,'6140_QINGDONG_SHOUBING.STL',20,'/static/models/test/1581242454628496.STL','2020-02-09 10:00:54.631486',0);
INSERT INTO vmm_com_model VALUES(62,'6140_QINGDONG_SHOUBING.STL',20,'/static/models/test/1581242497904355.STL','2020-02-09 10:01:37.907347',0);
INSERT INTO vmm_com_model VALUES(63,'sigang.STL',20,'/static/models/test/1581242893847870.STL','2020-02-09 10:08:13.849864',0);
INSERT INTO vmm_com_model VALUES(64,'6140_LIU_XIANGTI.STL',19,'/static/models/6140车床/1581257634944539.STL','2020-02-09 14:13:54.949527',1);
INSERT INTO vmm_com_model VALUES(65,'zhuti.STL',21,'/static/models/F_6140_zhuti/1581327487252572.STL','2020-02-10 09:38:07.274512',0);
INSERT INTO vmm_com_model VALUES(66,'zhuti_daogui.STL',21,'/static/models/F_6140_zhuti/1581327490853364.STL','2020-02-10 09:38:10.853364',0);
INSERT INTO vmm_com_model VALUES(67,'zhutishoulun.STL',21,'/static/models/F_6140_zhuti/1581327493855899.STL','2020-02-10 09:38:13.871856',0);
INSERT INTO vmm_com_model VALUES(68,'anniu_1.STL',21,'/static/models/F_6140_zhuti/1581327498387614.STL','2020-02-10 09:38:18.387614',0);
INSERT INTO vmm_com_model VALUES(69,'anniu_2.STL',21,'/static/models/F_6140_zhuti/1581327500556564.STL','2020-02-10 09:38:20.556563',0);
INSERT INTO vmm_com_model VALUES(70,'anniu_3.STL',21,'/static/models/F_6140_zhuti/1581327503415470.STL','2020-02-10 09:38:23.416466',0);
INSERT INTO vmm_com_model VALUES(71,'amerikaner.STL',21,'/static/models/F_6140_zhuti/1581327516917719.STL','2020-02-10 09:38:36.984245',0);
INSERT INTO vmm_com_model VALUES(72,'celjusti.STL',21,'/static/models/F_6140_zhuti/1581327520316307.STL','2020-02-10 09:38:40.316307',0);
INSERT INTO vmm_com_model VALUES(73,'chitiao.STL',22,'/static/models/F_6140_jinji/1581327532370428.STL','2020-02-10 09:38:52.370427',0);
INSERT INTO vmm_com_model VALUES(74,'guanggang.STL',22,'/static/models/F_6140_jinji/1581327535189869.STL','2020-02-10 09:38:55.189869',0);
INSERT INTO vmm_com_model VALUES(75,'sigang.STL',22,'/static/models/F_6140_jinji/1581327541676456.STL','2020-02-10 09:39:01.683436',0);
INSERT INTO vmm_com_model VALUES(76,'jinjigang.STL',22,'/static/models/F_6140_jinji/1581327544174188.STL','2020-02-10 09:39:04.174188',0);
INSERT INTO vmm_com_model VALUES(77,'jinjishoubing.STL',22,'/static/models/F_6140_jinji/1581327548831238.STL','2020-02-10 09:39:08.832235',0);
INSERT INTO vmm_com_model VALUES(78,'liuganxiang_daogui.STL',22,'/static/models/F_6140_jinji/1581327551914177.STL','2020-02-10 09:39:11.915173',0);
INSERT INTO vmm_com_model VALUES(79,'liuganxiangti.STL',22,'/static/models/F_6140_jinji/1581327554582566.STL','2020-02-10 09:39:14.586554',0);
INSERT INTO vmm_com_model VALUES(80,'daojia_daozuo.STL',23,'/static/models/F_6140_daojia/1581327562720442.STL','2020-02-10 09:39:00',1);
INSERT INTO vmm_com_model VALUES(81,'daojia_dizuo.STL',23,'/static/models/F_6140_daojia/1581327565592356.STL','2020-02-10 09:39:25.592356',0);
INSERT INTO vmm_com_model VALUES(82,'daojia_dizuo2.STL',23,'/static/models/F_6140_daojia/1581327568879372.STL','2020-02-10 09:39:28.881366',0);
INSERT INTO vmm_com_model VALUES(83,'daojia_dizuo2_daogui.STL',23,'/static/models/F_6140_daojia/1581327571153472.STL','2020-02-10 09:39:31.153471',0);
INSERT INTO vmm_com_model VALUES(84,'daojia_dizuo2_shoulun.STL',23,'/static/models/F_6140_daojia/1581327573542065.STL','2020-02-10 09:39:33.544059',0);
INSERT INTO vmm_com_model VALUES(85,'weizuo_dingjian.STL',24,'/static/models/F_6140_weizuo/1581327580816961.STL','2020-02-10 09:39:40.835882',0);
INSERT INTO vmm_com_model VALUES(86,'weizuo_dizuo.STL',24,'/static/models/F_6140_weizuo/1581327582971924.STL','2020-02-10 09:39:00',1);
INSERT INTO vmm_com_model VALUES(87,'weizuo_shoulun.STL',24,'/static/models/F_6140_weizuo/1581327584890404.STL','2020-02-10 09:39:44.896387',0);
INSERT INTO vmm_com_model VALUES(88,'weizuo_suojishoubing.STL',24,'/static/models/F_6140_weizuo/1581327587892358.STL','2020-02-10 09:39:47.894353',0);
INSERT INTO vmm_com_model VALUES(89,'jinjixiang_shoulun.STL',22,'/static/models/F_6140_jinji/1581335447166211.STL','2020-02-10 11:50:47.732468',0);
INSERT INTO vmm_com_model VALUES(90,'daojia_daozuo.STL',23,'/static/models/F_6140_daojia/1581396377977678.STL','2020-02-11 04:46:17.991640',0);
INSERT INTO vmm_com_model VALUES(91,'weizuo_dizuo.STL',24,'/static/models/F_6140_weizuo/1581396396458245.STL','2020-02-11 04:46:00',1);
INSERT INTO vmm_com_model VALUES(92,'weizuo_dizuo.STL',24,'/static/models/F_6140_weizuo/1581397063404908.STL','2020-02-11 04:57:43.409893',0);
CREATE TABLE IF NOT EXISTS "vmm_display_views" ("id" integer NOT NULL PRIMARY KEY AUTOINCREMENT, "view_id" integer NOT NULL, "display_name" varchar(255) NOT NULL, "createtime" datetime NOT NULL, "is_delete" bool NOT NULL);
INSERT INTO vmm_display_views VALUES(1,11,'6140车床切削仿真实验','2020-02-08 10:05:06.644929',1);
INSERT INTO vmm_display_views VALUES(2,13,'6140','2020-02-08 15:02:53.348601',0);
INSERT INTO vmm_display_views VALUES(3,4,'立式钻床','2020-02-09 14:28:53.077535',0);
INSERT INTO vmm_display_views VALUES(4,20,'6140车床','2020-02-10 12:12:23.620699',0);
INSERT INTO vmm_display_views VALUES(5,25,'test','2020-02-17 05:17:00.016003',0);
CREATE TABLE IF NOT EXISTS "vmm_load_models_conf" ("id" integer NOT NULL PRIMARY KEY AUTOINCREMENT, "position_x" real NOT NULL, "position_y" real NOT NULL, "position_z" real NOT NULL, "rotation_x" real NOT NULL, "rotation_y" real NOT NULL, "rotation_z" real NOT NULL, "f_is_delete" bool NOT NULL, "f_createtime" datetime NOT NULL, "f_updatetime" datetime NOT NULL, "materials_color_b" real NOT NULL, "materials_color_g" real NOT NULL, "materials_color_r" real NOT NULL, "materials_type" integer NOT NULL, "scale_x" real NOT NULL, "scale_y" real NOT NULL, "scale_z" real NOT NULL, "model_id" integer NOT NULL, "view_id" integer NOT NULL, "serial" integer NOT NULL, "model_name" varchar(255) NOT NULL, "model_url" varchar(255) NOT NULL, "emissiveIntensity" real NOT NULL, "emissive_b" real NOT NULL, "emissive_g" real NOT NULL, "emissive_r" real NOT NULL, "metalness" real NOT NULL, "reflectivity" real NOT NULL, "roughness" real NOT NULL, "view_position_x" real NOT NULL, "view_position_y" real NOT NULL, "view_position_z" real NOT NULL);
INSERT INTO vmm_load_models_conf VALUES(8,-681.98540990799892823,396.67928757288768793,270.65630408408947005,3.1415926535897931159,0.0,0.0,0,'2020-02-04 16:03:51.767571','2020-02-04 16:03:51.767571',0.88486823183679763626,0.038421725454080249417,0.038421725454080249417,1,1.0,1.0,1.0,10,10,2,'gongzuotai.STL','/static/models/钻床模型/1580832149111749.STL',0.0,0.039215686274509803377,1.0,1.0,1.0,0.5,0.45454544540736091517,0.0,0.0,0.0);
INSERT INTO vmm_load_models_conf VALUES(9,-786.76971188974800953,-190.99085346019228381,-177.73922647059680457,0.0,0.0,-1.5707963267948965579,0,'2020-02-04 16:04:11.943584','2020-02-04 16:04:11.943584',1.0,1.0,1.0,1,1.0,1.0,1.0,11,10,3,'handle.STL','/static/models/钻床模型/1580832149401996.STL',0.10000000000000000555,1.0,1.0,1.0,1.0,0.5,0.36890644844655379186,0.0,0.0,0.0);
INSERT INTO vmm_load_models_conf VALUES(10,839.68783045706277337,1175.3545944329741814,-1342.6918496661332938,-0.97738438111682457432,1.5707963267948965579,0.0,0,'2020-02-04 16:04:52.059239','2020-02-04 16:04:52.059239',0.12941176470588236502,0.12941176470588236502,0.12941176470588236502,1,1.0,1.0,1.0,12,10,4,'handle_ashok.STL','/static/models/钻床模型/1580832149665267.STL',0.10000000000000000555,1.0,1.0,1.0,1.0,0.5,0.5,0.0,0.0,0.0);
INSERT INTO vmm_load_models_conf VALUES(11,969.07826664805861585,-402.2388192552143664,261.00668875704292305,1.5707963267948965579,0.0,0.0,0,'2020-02-04 16:05:12.232258','2020-02-04 16:05:12.232258',0.46045632809895026271,0.45818807032506381204,0.45591981255117736138,1,1.0,1.0,1.0,13,10,5,'daobing.STL','/static/models/钻床模型/1580832150084147.STL',0.10000000000000000555,1.0,1.0,1.0,1.0,0.5,0.5,0.0,0.0,0.0);
INSERT INTO vmm_load_models_conf VALUES(12,0.010000000000000000208,0.0,0.010000000000000000208,1.5707963267948965579,0.0,0.0,0,'2020-02-04 16:05:12.342987','2020-02-04 16:05:12.342987',1.0,1.0,1.0,1,1.0,1.0,1.0,14,10,6,'daoju.STL','/static/models/钻床模型/1580832150410275.STL',0.10000000000000000555,1.0,1.0,1.0,1.0,0.5,0.5,0.0,0.0,0.0);
INSERT INTO vmm_load_models_conf VALUES(13,122.3408382111388164,399.78177271626549327,177.92631916440194572,1.5707963267948965579,-1.5775963108935773249,0.0,0,'2020-02-04 16:05:32.527975','2020-02-04 16:05:32.527975',0.12941176470588236502,0.12941176470588236502,0.12941176470588236502,1,1.0,1.0,1.0,15,10,7,'jiaju.STL','/static/models/钻床模型/1580832150662600.STL',0.10000000000000000555,1.0,1.0,1.0,1.0,0.5,0.5,0.0,0.0,0.0);
INSERT INTO vmm_load_models_conf VALUES(14,-855.0869207848367068,95.02146673357469808,-73.173499492525252208,1.5707963267948965579,0.0,0.0,0,'2020-02-04 16:05:32.660595','2020-02-04 16:05:32.660595',0.086580086580086493275,0.55194805194805141024,0.56277056277056225486,1,1.0,1.0,1.0,16,10,8,'kaiguan.STL','/static/models/钻床模型/1580832150834164.STL',0.10000000000000000555,1.0,1.0,1.0,1.0,0.5,0.5,0.0,0.0,0.0);
INSERT INTO vmm_load_models_conf VALUES(15,-520.02795432548191457,3473.3172568894542563,1238.5164224165766881,1.5707963267948965579,0.0,0.0,0,'2020-02-04 16:05:32.770302','2020-02-04 16:05:32.770302',0.13627816746722992702,0.95394717227060699116,0.0,2,1.0,1.0,1.0,17,10,9,'jichuangzhuti1.STL','/static/models/钻床模型/1580832151081478.STL',0.10000000000000000555,1.0,1.0,1.0,0.35714285714285681772,0.5,0.5,0.0,0.0,0.0);
INSERT INTO vmm_load_models_conf VALUES(16,-1534.9252596240205547,1299.9993064304371728,1053.4369512543817109,0.0,0.0,3.1415926535897931159,0,'2020-02-04 16:06:12.956770','2020-02-04 16:06:12.956770',1.0,1.0,1.0,1,1.0,1.0,1.0,18,10,10,'lizhu.STL','/static/models/钻床模型/1580832151258010.STL',0.10000000000000000555,1.0,1.0,1.0,1.0,0.5,0.5,0.0,0.0,0.0);
INSERT INTO vmm_load_models_conf VALUES(17,-170.67926437308605613,-66.999999999999999998,-86.999999999999999998,0.0,-1.5707963267948965579,0.0,0,'2020-02-04 16:06:33.523733','2020-02-04 16:06:33.523733',0.0,0.075757575757575676411,0.054112554112554056562,1,1.0,1.0,1.0,19,10,11,'shengjiangchilun.STL','/static/models/钻床模型/1580832151588146.STL',0.10000000000000000555,1.0,1.0,1.0,1.0,0.5,0.5,0.0,0.0,0.0);
INSERT INTO vmm_load_models_conf VALUES(18,536.66416667043199597,515.6238755993003906,-278.04560375601312216,0.0,2.6005405854715508695,-1.5707963267948965579,0,'2020-02-04 16:06:33.635434','2020-02-04 16:06:33.635434',0.91443679940270439221,0.91443679940270439221,0.92128651325590815712,1,1.0,1.0,1.0,20,10,12,'stopper.STL','/static/models/钻床模型/1580832151957136.STL',0.10000000000000000555,1.0,1.0,1.0,1.0,0.5,0.5,0.0,0.0,0.0);
INSERT INTO vmm_load_models_conf VALUES(19,0.0,0.0,0.0,0.0,0.0,0.0,1,'2020-02-04 16:39:03.104454','2020-02-04 16:39:03.104454',0.12941176470588236502,0.12941176470588236502,0.12941176470588236502,1,1.0,1.0,1.0,21,10,14,'jichuangzhuti.STL','/static/models/钻床模型/1580832152233396.STL',0.10000000000000000555,1.0,1.0,1.0,1.0,0.5,0.5,0.0,0.0,0.0);
INSERT INTO vmm_load_models_conf VALUES(20,6169.6676714120039833,-24538.385177892952924,-349.0,1.5707963267948965579,0.0,0.0,1,'2020-02-05 06:39:26.055588','2020-02-05 06:39:26.055588',0.0,0.0,1.0,1,1.0,1.0,1.0,22,6,1,'10101 立柱.STL','/static/models/工作台不升降铣床/1580884709060074.STL',0.0,1.0,1.0,1.0,0.58441558441558383307,0.58441558441558383307,0.93073593073592986169,0.0,0.0,0.0);
INSERT INTO vmm_load_models_conf VALUES(21,0.0,0.0,0.0,0.0,0.0,0.0,1,'2020-02-05 17:04:12.325321','2020-02-05 17:04:12.325321',0.12941176470588236502,0.12941176470588236502,0.12941176470588236502,2,1.0,1.0,1.0,21,6,2,'jichuangzhuti.STL','/static/models/钻床模型/1580832152233396.STL',0.10000000000000000555,1.0,1.0,1.0,1.0,0.5,0.5,0.0,0.0,0.0);
INSERT INTO vmm_load_models_conf VALUES(22,7707.1731601731153205,-24538.385177892952924,-349.0,1.5707963267948965579,0.0,0.0,1,'2020-02-05 17:05:57.724718','2020-02-05 17:05:57.724718',0.63852813852813794515,0.63852813852813794515,0.64935064935064867874,2,1.0,1.0,1.0,22,6,2,'10101 立柱.STL','/static/models/工作台不升降铣床/1580884709060074.STL',0.10000000000000000555,1.0,1.0,1.0,1.0,0.5,0.5,0.0,0.0,0.0);
INSERT INTO vmm_load_models_conf VALUES(23,6707.1731601731153205,-24538.385177892952924,-349.0,0.0,0.0,0.0,1,'2020-02-05 19:49:25.098789','2020-02-05 19:49:25.098789',0.0,0.33549783549783518399,0.46536796536796493084,0,1.0,1.0,1.0,10,6,3,'gongzuotai.STL','/static/models/钻床模型/1580832149111749.STL',0.0,0.31385281385281355026,0.0,0.0,0.0,0.5,0.33549783549783518399,0.0,0.0,0.0);
INSERT INTO vmm_load_models_conf VALUES(24,0.0,0.0,0.0,0.0,0.0,0.0,1,'2020-02-06 01:14:07.114884','2020-02-06 01:14:07.114884',0.12941176470588236502,0.12941176470588236502,0.12941176470588236502,0,1.0,1.0,1.0,15,7,4,'jiaju.STL','/static/models/钻床模型/1580832150662600.STL',0.10000000000000000555,1.0,1.0,1.0,1.0,0.5,0.5,0.0,0.0,0.0);
INSERT INTO vmm_load_models_conf VALUES(25,-2238.3384420618458534,0.0,0.0,0.0,0.0,0.0,1,'2020-02-06 01:32:20.471174','2020-02-06 01:32:20.471174',0.37936102596563592292,0.12941176470588236502,0.12941176470588236502,0,1.0,1.0,1.0,18,7,5,'lizhu.STL','/static/models/钻床模型/1580832151258010.STL',0.10000000000000000555,1.0,1.0,1.0,1.0,0.5,0.5,0.0,0.0,0.0);
INSERT INTO vmm_load_models_conf VALUES(26,-537.50548876110815399,0.0,0.0,1.5707963267948965579,0.0,0.0,1,'2020-02-06 01:45:28.517134','2020-02-06 01:45:28.517134',0.0,0.0,1.0,1,1.0,1.0,1.0,22,5,1,'10101 立柱.STL','/static/models/工作台不升降铣床/1580884709060074.STL',0.0,1.0,1.0,1.0,0.58441558441558383307,0.58441558441558383307,0.93073593073592986169,0.0,0.0,0.0);
INSERT INTO vmm_load_models_conf VALUES(27,1000.0,0.0,0.0,1.5707963267948965579,0.0,0.0,1,'2020-02-06 01:45:28.823339','2020-02-06 01:45:28.823339',0.63852813852813794515,0.63852813852813794515,0.64935064935064867874,2,1.0,1.0,1.0,22,5,2,'10101 立柱.STL','/static/models/工作台不升降铣床/1580884709060074.STL',0.10000000000000000555,1.0,1.0,1.0,1.0,0.5,0.5,0.0,0.0,0.0);
INSERT INTO vmm_load_models_conf VALUES(28,0.0,0.0,0.0,0.0,0.0,0.0,1,'2020-02-06 01:45:28.946012','2020-02-06 01:45:28.946012',0.0,0.33549783549783518399,0.46536796536796493084,0,1.0,1.0,1.0,10,5,3,'gongzuotai.STL','/static/models/钻床模型/1580832149111749.STL',0.0,0.31385281385281355026,0.0,0.0,0.0,0.5,0.33549783549783518399,0.0,0.0,0.0);
INSERT INTO vmm_load_models_conf VALUES(29,0.0,0.0,0.0,0.0,0.0,0.0,1,'2020-02-06 01:45:29.277101','2020-02-06 01:45:29.277101',0.12941176470588236502,0.12941176470588236502,0.12941176470588236502,0,1.0,1.0,1.0,11,7,6,'handle.STL','/static/models/钻床模型/1580832149401996.STL',0.10000000000000000555,1.0,1.0,1.0,1.0,0.5,0.5,0.0,0.0,0.0);
INSERT INTO vmm_load_models_conf VALUES(30,0.0,0.0,0.0,0.0,0.0,0.0,1,'2020-02-06 01:45:29.408749','2020-02-06 01:45:29.408749',0.12941176470588236502,0.12941176470588236502,0.12941176470588236502,0,1.0,1.0,1.0,22,7,7,'10101 立柱.STL','/static/models/工作台不升降铣床/1580884709060074.STL',0.10000000000000000555,1.0,1.0,1.0,1.0,0.5,0.5,0.0,0.0,0.0);
INSERT INTO vmm_load_models_conf VALUES(31,0.0,0.0,0.0,0.0,0.0,0.0,1,'2020-02-06 01:47:46.424380','2020-02-06 01:47:46.424380',0.12941176470588236502,0.12941176470588236502,0.12941176470588236502,0,1.0,1.0,1.0,22,7,8,'10101 立柱.STL','/static/models/工作台不升降铣床/1580884709060074.STL',0.10000000000000000555,1.0,1.0,1.0,1.0,0.5,0.5,0.0,0.0,0.0);
INSERT INTO vmm_load_models_conf VALUES(32,0.0,0.0,0.0,0.0,0.0,0.0,1,'2020-02-06 01:47:47.452627','2020-02-06 01:47:47.452627',0.12941176470588236502,0.12941176470588236502,0.12941176470588236502,0,1.0,1.0,1.0,15,7,9,'jiaju.STL','/static/models/钻床模型/1580832150662600.STL',0.10000000000000000555,1.0,1.0,1.0,1.0,0.5,0.5,0.0,0.0,0.0);
INSERT INTO vmm_load_models_conf VALUES(33,-1154.4497964457405032,0.0,0.0,0.0,0.0,0.0,1,'2020-02-06 01:48:04.541926','2020-02-06 01:48:04.541926',0.12941176470588236502,0.12941176470588236502,0.12941176470588236502,0,1.0,1.0,1.0,21,7,10,'jichuangzhuti.STL','/static/models/钻床模型/1580832152233396.STL',0.10000000000000000555,1.0,1.0,1.0,1.0,0.5,0.5,0.0,0.0,0.0);
INSERT INTO vmm_load_models_conf VALUES(34,0.0,0.0,0.0,3.1415926535897931159,0.0,0.0,1,'2020-02-07 02:43:45.973405','2020-02-07 02:43:45.973405',0.12941176470588236502,0.12941176470588236502,0.12941176470588236502,0,1.0,1.0,1.0,10,12,1,'gongzuotai.STL','/static/models/钻床模型/1580832149111749.STL',0.10000000000000000555,1.0,1.0,1.0,1.0,0.5,0.5,0.0,0.0,0.0);
INSERT INTO vmm_load_models_conf VALUES(35,801.93200000000001634,-779.95399999999972351,-371.5912987013507518,1.5707963267948965579,0.0,0.0,1,'2020-02-07 02:51:18.616330','2020-02-07 02:51:18.616330',0.3463203463203459731,0.62770562770562710053,0.043290043290043246637,0,1.0,1.0,1.0,29,12,1,'6140.STL','/static/models/车床/1581043844181737.STL',0.0,1.0,1.0,1.0,0.62770562770562710053,0.11904761904761892998,0.54112554112554056562,0.0,0.0,0.0);
INSERT INTO vmm_load_models_conf VALUES(36,-15404.999999999999999,-21818.770616380548745,-100.0,1.5707963267948965579,0.0,0.0,1,'2020-02-07 02:54:18.763192','2020-02-07 02:54:18.763192',0.63000000000000000444,0.63000000000000000444,0.63000000000000000444,0,1.0,1.0,1.0,30,12,2,'weizuo.STL','/static/models/车床/1581043844394336.STL',0.0,1.0,1.0,1.0,1.0,0.5,0.5,0.0,0.0,0.0);
INSERT INTO vmm_load_models_conf VALUES(37,-1614.0020000000004074,-955.19421607377262258,20.010000000000218278,1.5707963267948965579,3.1415926535897931159,0.0,1,'2020-02-07 02:58:38.953144','2020-02-07 02:58:38.953144',0.12941176470588236502,0.12941176470588236502,0.12941176470588236502,0,1.0,1.0,1.0,23,12,3,'daojia2.STL','/static/models/车床/1581043843266162.STL',0.10000000000000000555,1.0,1.0,1.0,1.0,0.5,0.5,0.0,0.0,0.0);
INSERT INTO vmm_load_models_conf VALUES(38,5890.0100000000002184,-2049.9899999999997817,44.029999999998835845,0.0,1.5707963267948965579,0.0,1,'2020-02-07 03:02:39.090711','2020-02-07 03:02:39.090711',0.09457237131016271725,0.09457237131016271725,0.37828947777441124245,0,1.0,1.0,1.0,24,12,4,'szjp_zhua.STL','/static/models/车床/1581043843409280.STL',0.0,1.0,1.0,1.0,1.0,0.55194805194805141024,0.5,0.0,0.0,0.0);
INSERT INTO vmm_load_models_conf VALUES(39,-1317.0781815297998491,692.00999999999999092,17.010000000000001563,0.0,1.5707963267948965579,0.0,1,'2020-02-07 03:07:59.934846','2020-02-07 03:07:59.934846',0.46666666666666667406,0.46666666666666667406,0.46666666666666667406,0,1.0,1.0,1.0,26,12,5,'szjp_pan.STL','/static/models/车床/1581043843675318.STL',0.0,0.46666666666666667406,0.46666666666666667406,0.46666666666666667406,1.0,0.5,0.59523809523809467769,0.0,0.0,0.0);
INSERT INTO vmm_load_models_conf VALUES(40,-52.539999999999963619,-134.0,-92.701298701351333873,1.5707963267948965579,0.0,0.0,1,'2020-02-07 04:51:31.802391','2020-02-07 04:51:31.802391',0.17994490917396044338,0.33681995819741311626,0.055367664361218600632,0,1.0,1.0,1.0,34,12,6,'6140_WEIJIAZUO.STL','/static/models/车床/1581051070087530.STL',0.0,1.0,1.0,1.0,0.33681995819741311626,0.0092279440602030995272,0.5,0.0,0.0,0.0);
INSERT INTO vmm_load_models_conf VALUES(41,-97.450216450262814758,-198.99999999999999999,4.2987012986486661247,0.0,0.0,0.0,1,'2020-02-07 05:00:12.006815','2020-02-07 05:00:12.006815',1.0,1.0,1.0,0,1.0,1.0,1.0,31,12,7,'6140_WEIJIAZUO_DINFJIAN.STL','/static/models/车床/1581051069583036.STL',0.0,1.0,1.0,1.0,1.0,0.5,0.5,0.0,0.0,0.0);
INSERT INTO vmm_load_models_conf VALUES(42,12.989999999999781721,-198.99999999999999999,4.2987012986486661247,1.5707963267948965579,0.0,-1.5707963267948965579,1,'2020-02-07 05:03:55.209608','2020-02-07 05:03:55.209608',1.0,1.0,1.0,0,1.0,1.0,1.0,33,12,8,'6140_WEI_SHOULUN.STL','/static/models/车床/1581051069571068.STL',0.0,1.0,1.0,1.0,1.0,0.5,0.5,0.0,0.0,0.0);
INSERT INTO vmm_load_models_conf VALUES(43,-85.45021645026281476,-192.99999999999999999,108.29870129864866612,1.5707963267948965579,0.0,0.0,1,'2020-02-07 05:07:53.327997','2020-02-07 05:07:53.327997',1.0,1.0,1.0,0,1.0,1.0,1.0,32,12,9,'6140_WEIJIAZUO_SHOUBING.STL','/static/models/车床/1581051069720687.STL',0.0,1.0,1.0,1.0,1.0,0.5,0.5,0.0,0.0,0.0);
INSERT INTO vmm_load_models_conf VALUES(44,4971.0295388669355817,13.269999999999999573,162.00399999999999067,-0.35855133546405243416,0.71558499331767511097,1.4137166941154069021,1,'2020-02-07 12:32:44.378744','2020-02-07 12:32:44.378744',0.63000000000000000444,0.42999999999999999333,0.56999999999999995115,0,1.3000000000000000444,1.0,1.0,28,12,10,'sigang.STL','/static/models/车床/1581043843982687.STL',0.0,1.0,1.0,1.0,0.59999999999999997779,0.26000000000000000888,0.29999999999999998889,0.0,0.0,0.0);
INSERT INTO vmm_load_models_conf VALUES(45,254.64900000000000091,30.0,-374.97599999999999909,1.5707963267948965579,0.0,0.0,0,'2020-02-08 13:25:06.899130','2020-02-08 13:25:06.899130',0.066666666666666665741,0.2000000000000000111,0.066666666666666665741,0,1.0,1.0,1.0,37,14,1,'6140_dizuo.STL','/static/models/6140车床/1581168069816433.STL',0.0,1.0,1.0,1.0,0.11198945981554664363,0.87615283267457078064,0.59947299077733784411,0.0,0.0,0.0);
INSERT INTO vmm_load_models_conf VALUES(46,386.0099999999999909,-308.81999999999999318,-254.65999999999999658,-1.5707963267948965579,3.1415926535897931159,0.0,1,'2020-02-08 13:27:07.050595','2020-02-08 13:27:07.050595',0.63000000000000000444,0.63000000000000000444,0.63000000000000000444,0,1.0,1.0,1.0,35,14,2,'6140_daogui.STL','/static/models/6140车床/1581168069563078.STL',0.0,1.0,1.0,1.0,1.0,0.5,0.5,0.0,0.0,0.0);
INSERT INTO vmm_load_models_conf VALUES(47,663.66000000000008184,-184.31999999999999317,-362.64999999999997725,-1.5707963267948965579,3.1415926535897931159,0.0,0,'2020-02-08 13:32:07.598688','2020-02-08 13:32:07.598688',0.26856821792136692517,0.26856821792136692517,0.27960526789733375352,0,1.0,1.0,1.0,36,14,3,'6140_CHITIAO.STL','/static/models/6140车床/1581168069563078.STL',0.0,1.0,1.0,1.0,1.0,0.5,0.33383691783651009421,0.0,0.0,0.0);
INSERT INTO vmm_load_models_conf VALUES(48,674.67000000000007277,-18.072000000000002728,-276.56299999999998818,1.5707963267948965579,0.0,0.0,0,'2020-02-08 13:33:47.383643','2020-02-08 13:33:47.383643',0.62775926476632537553,0.62775926476632537553,0.67434210740564393127,0,1.0,1.0,1.0,53,14,4,'6140_daogui.STL','/static/models/6140车床/1581168805281786.STL',0.0,1.0,1.0,1.0,1.0,0.5,0.63899868247694258105,0.0,0.0,0.0);
INSERT INTO vmm_load_models_conf VALUES(49,-440.27300000000002457,146.0099999999999909,-61.009999999999990905,1.5707963267948965579,0.0,0.0,0,'2020-02-08 13:43:47.441966','2020-02-08 13:43:47.441966',0.066666666666666665741,0.2000000000000000111,0.066666666666666665741,0,1.0,1.0,1.0,52,14,5,'6140_ZHU_XIANG_TI.STL','/static/models/6140车床/1581168142303548.STL',0.0,1.0,1.0,1.0,0.10000000000000000555,0.88000000000000000444,0.59999999999999997779,0.0,0.0,0.0);
INSERT INTO vmm_load_models_conf VALUES(50,-661.99000000000000911,-183.78999999999999204,15.009999999999990905,0.0,0.0,3.1415926535897931159,0,'2020-02-08 13:52:47.632084','2020-02-08 13:52:47.632084',1.0,1.0,1.0,0,1.0,1.0,1.0,51,14,6,'PART9_SB_CL_ASM.STL','/static/models/6140车床/1581168142316509.STL',0.0,1.0,1.0,1.0,1.0,0.5,0.64000000000000001332,0.0,0.0,0.0);
INSERT INTO vmm_load_models_conf VALUES(51,-168.73700000000002318,-1.5786368765121014945,-146.59000000000000341,0.0,0.52359877559829881565,0.0,0,'2020-02-08 13:57:07.955491','2020-02-08 13:57:07.955491',1.0,1.0,1.0,0,0.59999999999999997779,0.59999999999999997779,0.59999999999999997779,50,14,7,'CAM_DRIVER_SHOUBING.STL','/static/models/6140车床/1581168142156968.STL',0.0,1.0,1.0,1.0,1.0,0.5,0.63899868247694258105,0.0,0.0,0.0);
INSERT INTO vmm_load_models_conf VALUES(52,-79.16000000000002501,-3.6899999999999977262,0.68000000000006366462,0.0,0.0,3.1415926535897931159,0,'2020-02-08 14:01:08.026370','2020-02-08 14:01:08.027368',1.0,1.0,1.0,0,1.0,1.0,1.0,49,14,8,'6140_ZHU_DLZ_SHUCHU_DONGLI_ZHOU.STL','/static/models/6140车床/1581168141998360.STL',0.0,1.0,1.0,1.0,1.0,0.5,0.34255599472990738707,0.0,0.0,0.0);
INSERT INTO vmm_load_models_conf VALUES(53,1202.0099999999947613,63.01999999999999602,-96.783000000000015457,1.5707963267948965579,0.0,0.0,0,'2020-02-08 14:13:50.271293','2020-02-08 14:13:50.271293',0.066666666666666665741,0.2000000000000000111,0.066666666666666665741,0,1.0,1.0,1.0,46,15,9,'6140_WEIJIAZUO.STL','/static/models/6140车床/1581168135170986.STL',0.0,1.0,1.0,1.0,0.10000000000000000555,0.88000000000000000444,0.66000000000000003108,0.2000000000000000111,0.9000000000000000222,-0.4000000000000000222);
INSERT INTO vmm_load_models_conf VALUES(54,1117.2799999999999727,-0.97100000000000008526,0.53199999999998226485,0.0,0.0,0.0,0,'2020-02-08 14:18:50.355781','2020-02-08 14:18:50.355781',0.98026315690407783698,0.98026315690407783698,1.0,0,1.0,1.1000000000000000888,1.1000000000000000888,45,15,10,'6140_WEIJIAZUO_DINFJIAN.STL','/static/models/6140车床/1581168134929631.STL',0.0,1.0,1.0,1.0,1.0,0.5,0.56994728782066195194,0.2000000000000000111,0.9000000000000000222,-0.4000000000000000222);
INSERT INTO vmm_load_models_conf VALUES(55,0.0,0.0,1350.4711330698353321,0.0,0.0,0.0,1,'2020-02-08 14:24:10.690604','2020-02-08 14:24:10.690604',0.63000000000000000444,0.63000000000000000444,0.63000000000000000444,0,1.0,1.0,1.0,46,15,11,'6140_WEIJIAZUO.STL','/static/models/6140车床/1581168135170986.STL',0.0,1.0,1.0,1.0,1.0,0.5,0.5,0.0,0.0,0.0);
INSERT INTO vmm_load_models_conf VALUES(56,1452.4579999999987193,-0.50600000000000022737,-0.1600000000000250111,1.5707963267948965579,0.0,-1.5707963267948965579,0,'2020-02-08 14:25:30.102108','2020-02-08 14:25:30.102108',0.63000000000000000444,0.63000000000000000444,0.63000000000000000444,0,1.0,1.0,1.0,47,15,12,'6140_WEI_SHOULUN.STL','/static/models/6140车床/1581168135417303.STL',0.0,1.0,1.0,1.0,1.0,0.5,0.5,0.2000000000000000111,0.9000000000000000222,-0.4000000000000000222);
INSERT INTO vmm_load_models_conf VALUES(57,1167.7799999999988358,5.1400000000000005684,104.97000000000002728,1.5707963267948965579,0.0,0.0,0,'2020-02-08 14:29:50.198164','2020-02-08 14:29:50.198164',0.63000000000000000444,0.63000000000000000444,0.63000000000000000444,0,1.1000000000000000888,1.0,1.1000000000000000888,48,15,13,'6140_WEIJIAZUO_SHOUBING.STL','/static/models/6140车床/1581168135772352.STL',0.0,1.0,1.0,1.0,1.0,0.5,0.5,0.2000000000000000111,0.9000000000000000222,-0.4000000000000000222);
INSERT INTO vmm_load_models_conf VALUES(58,-680.99000000000000907,0.0,0.0,1.5707963267948965579,0.0,0.0,1,'2020-02-08 14:35:50.357411','2020-02-08 14:35:50.357411',0.63000000000000000444,0.63000000000000000444,0.63000000000000000444,0,1.0,1.0,1.0,41,16,14,'6140_JIN_XIANG_TI.STL','/static/models/6140车床/1581168120289432.STL',0.0,1.0,1.0,1.0,1.0,0.5,0.5,0.0,0.0,0.0);
INSERT INTO vmm_load_models_conf VALUES(59,574.67000000000007277,-204.68399999999999749,-433.76099999999996725,0.0,0.0,0.0,0,'2020-02-08 14:36:51.954591','2020-02-08 14:36:51.954591',0.63000000000000000444,0.63000000000000000444,0.63000000000000000444,0,1.0500000000000000444,1.0,1.0,39,16,15,'sigang.STL','/static/models/6140车床/1581168120285448.STL',0.0,1.0,1.0,1.0,1.0,0.5,0.5,0.0,0.0,0.0);
INSERT INTO vmm_load_models_conf VALUES(60,-512.99000000000000909,-245.24000000000000909,-487.98000000000001817,1.5707963267948965579,0.0,0.0,0,'2020-02-08 14:39:10.767140','2020-02-08 14:39:10.767140',0.066666666666666665741,0.2000000000000000111,0.066666666666666665741,0,1.0,1.0,1.0,41,16,16,'6140_JIN_XIANG_TI.STL','/static/models/6140车床/1581168120289432.STL',0.0,1.0,1.0,1.0,0.046113306982872144523,0.87615283267457078064,0.46772068511198888751,0.0,0.0,0.0);
INSERT INTO vmm_load_models_conf VALUES(61,-196.99000000000000909,-264.02999999999997272,-505.94000000000005456,0.52359877559829881565,0.0,0.0,0,'2020-02-08 14:43:12.862297','2020-02-08 14:43:12.862297',1.0,1.0,1.0,0,1.0,1.0,1.0,40,16,17,'6140_QINGDONG_SHOUBING.STL','/static/models/6140车床/1581168120283450.STL',0.0,1.0,1.0,1.0,0.92885375494071031887,0.5,0.17786561264822112193,0.0,0.0,0.0);
INSERT INTO vmm_load_models_conf VALUES(62,584.00999999999999088,-204.91499999999999203,-559.22100000000000362,0.0,0.0,0.0,0,'2020-02-08 14:48:11.056546','2020-02-08 14:48:11.056546',0.63000000000000000444,0.63000000000000000444,0.63000000000000000444,0,1.0,1.0,1.0,42,16,18,'6140_LIU_JIN_QIDONGGANG.STL','/static/models/6140车床/1581168120681382.STL',0.0,1.0,1.0,1.0,1.0,0.5,0.5,0.0,0.0,0.0);
INSERT INTO vmm_load_models_conf VALUES(63,576.00999999999999089,-204.88999999999998634,-497.38100000000031288,0.0,1.5707963267948965579,2.0943951023931952626,0,'2020-02-08 14:52:51.729846','2020-02-08 14:52:51.729846',0.63000000000000000444,0.63000000000000000444,0.63000000000000000444,0,1.0,1.0,1.0,38,16,19,'6140_JIN_56X1_5.STL','/static/models/6140车床/1581168120176732.STL',0.0,1.0,1.0,1.0,1.0,0.5,0.5,0.0,0.0,0.0);
INSERT INTO vmm_load_models_conf VALUES(64,0.0,0.0,0.0,0.0,0.0,0.0,1,'2020-02-08 14:57:11.112741','2020-02-08 14:57:11.112741',0.63000000000000000444,0.63000000000000000444,0.63000000000000000444,0,1.0,1.0,1.0,44,16,20,'szjp_pan.STL','/static/models/6140车床/1581168128359189.STL',0.0,1.0,1.0,1.0,1.0,0.5,0.5,0.0,0.0,0.0);
INSERT INTO vmm_load_models_conf VALUES(65,0.0,0.0,0.0,-3.1415926535897931159,1.5707963267948965579,0.0,0,'2020-02-08 14:57:31.132172','2020-02-08 14:57:31.132172',0.44176333543401408165,0.44176333543401408165,0.45065789969013614335,0,1.0,1.0,1.0,44,18,21,'szjp_pan.STL','/static/models/6140车床/1581168128359189.STL',0.0,1.0,1.0,1.0,1.0,0.5,0.52000000000000001776,0.0,0.0,0.0);
INSERT INTO vmm_load_models_conf VALUES(66,0.0,0.0,0.0,0.0,1.5707963267948965579,0.0,1,'2020-02-09 11:57:23.581622','2020-02-09 11:57:23.581622',0.63000000000000000444,0.63000000000000000444,0.63000000000000000444,0,1.0,1.0,1.0,44,10,13,'szjp_pan.STL','/static/models/6140车床/1581168128359189.STL',0.0,1.0,1.0,1.0,1.0,0.5,0.5,0.0,0.0,0.0);
INSERT INTO vmm_load_models_conf VALUES(67,599.48287820661948898,-71.60999999999999943,-235.99000000000000909,1.5707963267948965579,-1.5707963267948965579,0.0,1,'2020-02-09 14:14:56.421099','2020-02-09 14:14:56.421099',0.039040863040339518486,0.14473687776898058743,0.10231938121112622852,0,1.0,1.0,1.0,64,19,9,'6140_LIU_XIANGTI.STL','/static/models/6140车床/1581257634944539.STL',0.0,1.0,1.0,1.0,0.29644268178740929009,0.50724636661401145687,0.55994728782066194305,0.0,0.0,0.0);
INSERT INTO vmm_load_models_conf VALUES(68,0.0,0.0,0.0,0.0,0.0,0.0,1,'2020-02-10 04:20:50.431938','2020-02-10 04:20:50.431938',0.63000000000000000444,0.63000000000000000444,0.63000000000000000444,0,1.0,1.0,1.0,11,10,13,'handle.STL','/static/models/钻床模型/1580832149401996.STL',0.0,1.0,1.0,1.0,1.0,0.5,0.5,0.0,0.0,0.0);
INSERT INTO vmm_load_models_conf VALUES(69,0.0,0.0,0.0,0.0,0.0,0.0,1,'2020-02-10 04:22:09.855069','2020-02-10 04:22:09.855069',0.63000000000000000444,0.63000000000000000444,0.63000000000000000444,0,1.0,1.0,1.0,13,10,14,'daobing.STL','/static/models/钻床模型/1580832150084147.STL',0.0,1.0,1.0,1.0,1.0,0.5,0.5,0.0,0.0,0.0);
INSERT INTO vmm_load_models_conf VALUES(70,1203.3787385061502845,-6.5499999999999998223,0.0,1.5707963267948965579,0.0,0.0,0,'2020-02-10 09:46:38.040580','2020-02-10 09:46:38.040580',0.18735709079962559187,0.3092104916427256267,0.18735709079962559187,0,1.0,1.0,1.0,65,22,1,'zhuti.STL','/static/models/F_6140_zhuti/1581327487252572.STL',0.0,1.0,1.0,1.0,0.5,0.5,0.5,-160.0,0.0,-778.00000000000000001);
INSERT INTO vmm_load_models_conf VALUES(71,0.0,0.010000000000000000208,778.2400000000000091,-0.52359877559829881565,1.5707963267948965579,0.0,0,'2020-02-10 09:50:30.159525','2020-02-10 09:50:30.159525',0.9842107688290677725,0.9842107688290677725,1.0,0,1.0,1.0,1.0,71,22,2,'amerikaner.STL','/static/models/F_6140_zhuti/1581327516917719.STL',0.0,1.0,1.0,1.0,1.0,0.23276269344386674164,0.34999999999999997779,-160.0,0.0,-778.00000000000000001);
INSERT INTO vmm_load_models_conf VALUES(72,1738.6995291567548065,20.160000000000000142,291.77999999999997271,1.5707963267948965579,0.0,0.0,0,'2020-02-10 09:53:10.310979','2020-02-10 09:53:10.310979',1.0,1.0,1.0,0,1.0,1.0,1.0,66,22,3,'zhuti_daogui.STL','/static/models/F_6140_zhuti/1581327490853364.STL',0.0,1.0,1.0,1.0,1.0,0.5,0.39745308876916846108,-160.0,0.0,-778.00000000000000001);
INSERT INTO vmm_load_models_conf VALUES(73,0.0,0.0,1389.9966963063777711,0.0,0.0,0.0,1,'2020-02-10 10:36:59.309730','2020-02-10 10:36:59.309730',0.63000000000000000444,0.63000000000000000444,0.63000000000000000444,0,1.0,1.0,1.0,67,22,4,'zhutishoulun.STL','/static/models/F_6140_zhuti/1581327493855899.STL',0.0,1.0,1.0,1.0,1.0,0.5,0.5,0.0,0.0,0.0);
INSERT INTO vmm_load_models_conf VALUES(74,-1287.9900000000000091,-419.22554592639124848,722.81133273155865025,1.5707963267948965579,0.0,0.0,0,'2020-02-10 10:37:59.422171','2020-02-10 10:37:59.422171',0.072368374491660225622,0.072368374491660225622,0.072368374491660225622,0,1.0,1.0,1.0,68,22,5,'anniu_1.STL','/static/models/F_6140_zhuti/1581327498387614.STL',0.0,1.0,1.0,1.0,0.072463766659144487891,0.74440051204393886674,0.5,-160.0,0.0,-778.00000000000000001);
INSERT INTO vmm_load_models_conf VALUES(75,-1284.8070610095223856,-479.12000000000000456,451.50130233963022873,1.5707963267948965579,0.0,0.0,0,'2020-02-10 10:42:59.584379','2020-02-10 10:42:59.584379',0.11171240305295102035,0.11171240305295102035,0.47697365795806367927,0,1.0,1.0,1.0,69,22,6,'anniu_2.STL','/static/models/F_6140_zhuti/1581327500556564.STL',0.0,1.0,1.0,1.0,0.013175230301662635423,0.5,0.5,-160.0,0.0,-778.00000000000000001);
INSERT INTO vmm_load_models_conf VALUES(76,-1039.990000000000009,-413.48000000000001818,340.24439328975199714,1.5707963267948965579,0.0,0.0,0,'2020-02-10 10:45:21.463405','2020-02-10 10:45:21.463405',0.43749997176621946426,0.43749997176621946426,0.43749997176621946426,0,1.0,1.0,1.0,70,22,7,'anniu_3.STL','/static/models/F_6140_zhuti/1581327503415470.STL',0.0,1.0,1.0,1.0,1.0,0.5,0.65217389993230046041,-160.0,0.0,-778.00000000000000001);
INSERT INTO vmm_load_models_conf VALUES(77,1619.9966963063777711,-322.53554592639125076,225.06000000000000228,1.5707963267948965579,0.0,0.0,1,'2020-02-10 10:48:00.453521','2020-02-10 10:48:00.453521',0.63137254901960782049,0.63137254901960782049,0.63137254901960782049,0,1.0,1.0,1.0,73,21,8,'chitiao.STL','/static/models/F_6140_jinji/1581327532370428.STL',0.0,1.0,1.0,1.0,1.0,0.5,0.34999999999999997779,0.0,0.0,0.0);
INSERT INTO vmm_load_models_conf VALUES(78,1724.2536053562569122,-355.38554592639121664,32.310000000000002272,0.92502450355699461503,0.0,1.5707963267948965579,0,'2020-02-10 10:50:20.985029','2020-02-10 10:50:20.985029',1.0,1.0,1.0,0,1.0,1.0,1.0,74,21,9,'guanggang.STL','/static/models/F_6140_jinji/1581327535189869.STL',0.0,1.0,1.0,1.0,1.0,0.5,0.34999999999999997779,-160.0,0.0,-778.00000000000000001);
INSERT INTO vmm_load_models_conf VALUES(79,1661.0413023396301923,-351.9900000000000091,143.0099999999999909,3.1415926535897931159,0.0,1.5707963267948965579,0,'2020-02-10 10:53:20.744921','2020-02-10 10:53:20.744921',1.0,1.0,1.0,0,1.0,1.0,1.0,75,21,10,'sigang.STL','/static/models/F_6140_jinji/1581327541676456.STL',0.0,1.0,1.0,1.0,1.0,0.5,0.34999999999999997779,-160.0,0.0,-778.00000000000000001);
INSERT INTO vmm_load_models_conf VALUES(80,1719.3774538479444799,-356.12939441807787944,-68.989999999999994883,0.0,0.0,1.5707963267948965579,0,'2020-02-10 10:57:20.817033','2020-02-10 10:57:20.817033',1.0,1.0,1.0,0,1.0,1.0,1.0,76,21,11,'jinjigang.STL','/static/models/F_6140_jinji/1581327544174188.STL',0.0,1.0,1.0,1.0,1.0,0.5,0.34999999999999997779,-160.0,0.0,-778.00000000000000001);
INSERT INTO vmm_load_models_conf VALUES(81,-179.93093989313877045,-563.6155459263912917,88.370000000000004545,-2.6005405854715508695,1.5707963267948965579,0.0,0,'2020-02-10 11:00:00.471588','2020-02-10 11:00:00.471588',1.0,1.0,1.0,0,1.0,1.0,1.0,77,21,12,'jinjishoubing.STL','/static/models/F_6140_jinji/1581327548831238.STL',0.0,1.0,1.0,1.0,1.0,0.5,0.45454544540736091517,-160.0,0.0,-778.00000000000000001);
INSERT INTO vmm_load_models_conf VALUES(82,1902.3866659144493951,-81.120939893138782391,120.46981764842701067,1.5707963267948965579,1.5707963267948965579,0.0,0,'2020-02-10 11:03:20.604756','2020-02-10 11:03:20.604756',0.18823529411764705621,0.30980392156862746055,0.18823529411764705621,0,1.0,1.0,1.0,79,21,13,'liuganxiangti.STL','/static/models/F_6140_jinji/1581327554582566.STL',0.0,1.0,1.0,1.0,0.5,0.5,0.5,-160.0,0.0,-778.00000000000000001);
INSERT INTO vmm_load_models_conf VALUES(83,1887.3959083728836958,-33.619364026149071377,463.55000000000001138,1.5707963267948965579,1.5707963267948965579,0.0,0,'2020-02-10 11:09:20.658025','2020-02-10 11:09:20.658025',0.63000000000000000444,0.63000000000000000444,0.63000000000000000444,0,1.0,1.0,1.0,78,21,14,'liuganxiang_daogui.STL','/static/models/F_6140_jinji/1581327551914177.STL',0.0,1.0,1.0,1.0,1.0,0.5,0.5,-160.0,0.0,-778.00000000000000001);
INSERT INTO vmm_load_models_conf VALUES(84,0.0,-757.99000000000000907,0.0,0.017453292519943295474,0.0,0.0,1,'2020-02-10 11:13:20.697078','2020-02-10 11:13:20.697078',0.63000000000000000444,0.63000000000000000444,0.63000000000000000444,0,1.0,1.0,1.0,67,21,15,'zhutishoulun.STL','/static/models/F_6140_zhuti/1581327493855899.STL',0.0,1.0,1.0,1.0,1.0,0.5,0.5,0.0,0.0,0.0);
INSERT INTO vmm_load_models_conf VALUES(85,-684.04015195964370833,-484.99000000000000911,385.00999999999999091,1.5707963267948965579,0.0,0.0,1,'2020-02-10 11:13:40.982014','2020-02-10 11:13:40.982014',0.63000000000000000444,0.63000000000000000444,0.63000000000000000444,0,1.0,1.0,1.0,67,22,8,'zhutishoulun.STL','/static/models/F_6140_zhuti/1581327493855899.STL',0.0,1.0,1.0,1.0,1.0,0.5,0.5,0.0,0.0,0.0);
INSERT INTO vmm_load_models_conf VALUES(86,1932.2659083728835866,-83.989999999999994887,517.29999999999995452,1.5707963267948965579,0.0,0.0,1,'2020-02-10 11:19:01.073374','2020-02-10 11:19:01.073374',0.18823529411764705621,0.30980392156862746055,0.18823529411764705621,0,1.0,1.0,1.0,81,24,15,'daojia_dizuo.STL','/static/models/F_6140_daojia/1581327565592356.STL',0.0,1.0,1.0,1.0,0.5,0.5,0.5,0.0,0.0,0.0);
INSERT INTO vmm_load_models_conf VALUES(87,1931.9120598811969102,-315.67000000000001592,613.44442368167949554,1.5707963267948965579,1.5707963267948965579,0.0,0,'2020-02-10 11:21:21.127942','2020-02-10 11:21:21.127942',0.18823529411764705621,0.30980392156862746055,0.18823529411764705621,0,1.0,1.0,1.0,82,24,16,'daojia_dizuo2.STL','/static/models/F_6140_daojia/1581327568879372.STL',0.0,1.0,1.0,1.0,0.5,0.5,0.5,-160.0,0.0,-778.00000000000000001);
INSERT INTO vmm_load_models_conf VALUES(88,1906.7328478146901033,-315.4900000000000091,577.09360535625694411,1.5707963267948965579,1.5707963267948965579,0.0,0,'2020-02-10 11:22:21.494863','2020-02-10 11:22:21.494863',1.0,1.0,1.0,0,1.0,1.0,1.0,83,24,17,'daojia_dizuo2_daogui.STL','/static/models/F_6140_daojia/1581327571153472.STL',0.0,1.0,1.0,1.0,1.0,0.5,0.34999999999999997779,-160.0,0.0,-778.00000000000000001);
INSERT INTO vmm_load_models_conf VALUES(89,2312.2628174227620547,-315.43999999999999773,597.52439328975196987,0.0,1.5707963267948965579,1.5707963267948965579,0,'2020-02-10 11:29:01.286740','2020-02-10 11:29:01.286740',0.63000000000000000444,0.63000000000000000444,0.63000000000000000444,0,1.0,1.0,1.0,84,24,18,'daojia_dizuo2_shoulun.STL','/static/models/F_6140_daojia/1581327573542065.STL',0.0,1.0,1.0,1.0,1.0,0.5,0.5,-160.0,0.0,-778.00000000000000001);
INSERT INTO vmm_load_models_conf VALUES(90,1735.0382113895093425,-318.99000000000000908,836.00133273155859117,1.5707963267948965579,1.5707963267948965579,0.0,1,'2020-02-10 11:32:21.388081','2020-02-10 11:32:21.388081',1.0,1.0,1.0,0,1.0,1.0,1.0,80,24,19,'daojia_daozuo.STL','/static/models/F_6140_daojia/1581327562720442.STL',0.0,1.0,1.0,1.0,1.0,0.5,0.29644268178740929009,-160.0,0.0,-778.00000000000000001);
INSERT INTO vmm_load_models_conf VALUES(91,3168.6527870308345883,25.210000000000000852,572.55999999999994541,1.5707963267948965579,1.5707963267948965579,0.0,1,'2020-02-10 11:35:22.034137','2020-02-10 11:35:22.034137',0.18823529411764705621,0.30980392156862746055,0.18823529411764705621,0,1.0,1.0,1.0,86,23,20,'weizuo_dizuo.STL','/static/models/F_6140_weizuo/1581327582971924.STL',0.0,1.0,1.0,1.0,0.5,0.5,0.5,-160.0,0.0,-778.00000000000000001);
INSERT INTO vmm_load_models_conf VALUES(92,2652.2499999999999999,0.0,778.00999999999999089,0.0,0.0,1.5707963267948965579,0,'2020-02-10 11:37:41.933462','2020-02-10 11:37:41.933462',0.63000000000000000444,0.63000000000000000444,0.63000000000000000444,0,1.0,1.0,1.0,85,23,21,'weizuo_dingjian.STL','/static/models/F_6140_weizuo/1581327580816961.STL',0.0,1.0,1.0,1.0,1.0,0.5,0.5,-160.0,0.0,-778.00000000000000001);
INSERT INTO vmm_load_models_conf VALUES(93,4002.4750596555309129,0.010000000000000000208,777.00999999999999091,0.0,0.0,-1.5707963267948965579,0,'2020-02-10 11:41:22.689517','2020-02-10 11:41:22.689517',0.63000000000000000444,0.63000000000000000444,0.63000000000000000444,0,1.0,1.0,1.0,87,23,22,'weizuo_shoulun.STL','/static/models/F_6140_weizuo/1581327584890404.STL',0.0,1.0,1.0,1.0,1.0,0.5,0.5,-160.0,0.0,-778.00000000000000001);
INSERT INTO vmm_load_models_conf VALUES(94,3006.4596656887842983,109.12999999999999545,914.00999999999999086,1.5707963267948965579,0.0,0.0,0,'2020-02-10 11:43:42.495515','2020-02-10 11:43:42.495515',0.63000000000000000444,0.63000000000000000444,0.63000000000000000444,0,1.0,1.0,1.0,88,23,23,'weizuo_suojishoubing.STL','/static/models/F_6140_weizuo/1581327587892358.STL',0.0,1.0,1.0,1.0,1.0,0.5,0.5,-160.0,0.0,-778.00000000000000001);
INSERT INTO vmm_load_models_conf VALUES(95,1884.2436053562569213,-648.91999999999995909,113.12000000000000454,1.5707963267948965579,0.0,0.0,0,'2020-02-10 11:51:22.245062','2020-02-10 11:51:22.245062',0.63000000000000000444,0.63000000000000000444,0.63000000000000000444,0,1.0,1.0,1.0,89,23,24,'jinjixiang_shoulun.STL','/static/models/F_6140_jinji/1581335447166211.STL',0.0,1.0,1.0,1.0,1.0,0.5,0.5,-160.0,0.0,-778.00000000000000001);
INSERT INTO vmm_load_models_conf VALUES(96,1389.9966963063777711,-318.53554592639125074,227.2259691567412574,1.5707963267948965579,0.0,0.0,1,'2020-02-10 12:07:08.991606','2020-02-10 12:07:08.991606',0.63000000000000000444,0.63000000000000000444,0.63000000000000000444,0,1.0,1.0,1.0,73,21,25,'chitiao.STL','/static/models/F_6140_jinji/1581327532370428.STL',0.0,1.0,1.0,1.0,1.0,0.5,0.5,0.0,0.0,0.0);
INSERT INTO vmm_load_models_conf VALUES(97,0.0,0.0,0.0,0.0,0.0,0.0,1,'2020-02-10 12:21:15.965525','2020-02-10 12:21:15.965525',0.63000000000000000444,0.63000000000000000444,0.63000000000000000444,0,1.0,1.0,1.0,81,24,20,'daojia_dizuo.STL','/static/models/F_6140_daojia/1581327565592356.STL',0.0,1.0,1.0,1.0,1.0,0.5,0.5,0.0,0.0,0.0);
INSERT INTO vmm_load_models_conf VALUES(98,1931.6559083728836867,-84.989999999999994882,517.02978725649859372,1.5707963267948965579,0.0,0.0,0,'2020-02-10 12:32:58.495722','2020-02-10 12:32:58.495722',0.18823529411764705621,0.30980392156862746055,0.18823529411764705621,0,1.0,1.0,1.0,81,24,25,'daojia_dizuo.STL','/static/models/F_6140_daojia/1581327565592356.STL',0.0,1.0,1.0,1.0,0.5,0.5,0.5,-160.0,0.0,-778.00000000000000001);
INSERT INTO vmm_load_models_conf VALUES(99,-660.77403084325874258,-482.60090950120951448,376.82999999999998409,1.5707963267948965579,0.0,0.0,0,'2020-02-10 13:20:59.605012','2020-02-10 13:20:59.605012',0.63000000000000000444,0.63000000000000000444,0.63000000000000000444,0,1.0,1.0,1.0,67,22,26,'zhutishoulun.STL','/static/models/F_6140_zhuti/1581327493855899.STL',0.0,1.0,1.0,1.0,1.0,0.5,0.5,-160.0,0.0,-778.00000000000000001);
INSERT INTO vmm_load_models_conf VALUES(100,1624.9966963063777711,-326.9900000000000091,225.96999999999999885,1.5707963267948965579,0.0,0.0,0,'2020-02-10 13:56:43.970292','2020-02-10 13:56:43.970292',0.90526340833328566848,0.90526340833328566848,1.0,0,1.0,1.0,1.0,73,21,27,'chitiao.STL','/static/models/F_6140_jinji/1581327532370428.STL',0.0,1.0,1.0,1.0,1.0,0.5,0.29644268178740929009,-160.0,0.0,-778.00000000000000001);
INSERT INTO vmm_load_models_conf VALUES(101,2707.5197264726411957,0.0,0.0,1.5707963267948965579,1.5707963267948965579,0.0,1,'2020-02-11 04:46:59.375780','2020-02-11 04:46:59.375780',0.18823529411764705621,0.30980392156862746055,0.18823529411764705621,0,1.0,1.0,1.0,91,23,28,'weizuo_dizuo.STL','/static/models/F_6140_weizuo/1581396396458245.STL',0.0,1.0,1.0,1.0,0.5,0.5,0.5,0.0,0.0,0.0);
INSERT INTO vmm_load_models_conf VALUES(102,3183.0243325058945628,26.129999999999999004,-204.62999999999999544,1.5707963267948965579,1.5707963267948965579,0.0,0,'2020-02-11 04:58:19.652646','2020-02-11 04:58:19.652646',0.18823529411764705621,0.30980392156862746055,0.18823529411764705621,0,1.0,1.0,1.0,92,23,29,'weizuo_dizuo.STL','/static/models/F_6140_weizuo/1581397063404908.STL',0.0,1.0,1.0,1.0,0.5,0.5,0.5,0.0,0.0,0.0);
INSERT INTO vmm_load_models_conf VALUES(103,1542.7451508313179146,-354.12554592639122574,40.947514631802150119,1.5707963267948965579,0.0,0.0,0,'2020-02-11 05:03:39.491647','2020-02-11 05:03:39.491647',1.0,1.0,1.0,0,1.0,0.94999999999999995559,1.0,90,24,30,'daojia_daozuo.STL','/static/models/F_6140_daojia/1581396377977678.STL',0.0,1.0,1.0,1.0,1.0,0.5,0.35184452420071032907,0.0,0.0,0.0);
INSERT INTO vmm_load_models_conf VALUES(104,-20.120000000000000995,0.0,160.89099999999999113,0.0,0.0,3.1415926535897931159,0,'2020-02-11 08:21:06.692349','2020-02-11 08:21:06.692349',1.0,1.0,1.0,0,1.0,1.0,1.0,72,22,31,'celjusti.STL','/static/models/F_6140_zhuti/1581327520316307.STL',0.0,1.0,1.0,1.0,1.0,0.5,0.29999999999999998889,0.0,0.0,0.0);
INSERT INTO vmm_load_models_conf VALUES(105,-20.120000000000000995,-139.65999999999999659,-79.989999999999994882,2.0943951023931952626,0.0,3.1415926535897931159,0,'2020-02-11 08:25:06.653412','2020-02-11 08:25:06.653412',1.0,1.0,1.0,0,1.0,1.0,1.0,72,22,32,'celjusti.STL','/static/models/F_6140_zhuti/1581327520316307.STL',0.0,1.0,1.0,1.0,1.0,0.5,0.29999999999999998889,0.0,0.0,0.0);
INSERT INTO vmm_load_models_conf VALUES(106,-20.120000000000000995,141.32999999999998407,-81.519999999999996024,-2.0943951023931952626,0.0,3.1415926535897931159,0,'2020-02-11 08:25:06.786203','2020-02-11 08:25:06.786203',1.0,1.0,1.0,0,1.0,1.0,1.0,72,22,33,'celjusti.STL','/static/models/F_6140_zhuti/1581327520316307.STL',0.0,1.0,1.0,1.0,1.0,0.5,0.29999999999999998889,0.0,0.0,0.0);
INSERT INTO vmm_load_models_conf VALUES(107,1163.3874013010442922,-799.29906519083033346,-2688.4689645663302143,1.5707963267948965579,0.0,0.0,1,'2020-02-15 05:46:31.990724','2020-02-15 05:46:31.990724',0.63000000000000000444,0.63000000000000000444,0.63000000000000000444,0,1.0,1.0,1.0,13,26,1,'daobing.STL','/static/models/钻床模型/1580832150084147.STL',0.0,1.0,1.0,1.0,1.0,0.5,0.5,0.0,0.0,0.0);
INSERT INTO vmm_load_models_conf VALUES(108,-1782.95043497261031,-190.3303614405663211,-207.13984694097700867,0.0,0.0,0.0,1,'2020-02-15 05:59:24.399118','2020-02-15 05:59:24.399118',0.63000000000000000444,0.63000000000000000444,0.63000000000000000444,0,1.0,1.0,1.0,10,26,2,'gongzuotai.STL','/static/models/钻床模型/1580832149111749.STL',0.0,1.0,1.0,1.0,1.0,0.5,0.5,0.0,0.0,0.0);
INSERT INTO vmm_load_models_conf VALUES(109,306.15147903952856722,534.49187073652410619,1105.3199393859017618,0.0,0.0,0.0,1,'2020-02-15 08:18:38.429254','2020-02-15 08:18:38.429254',0.63000000000000000444,0.63000000000000000444,0.63000000000000000444,0,1.0,1.0,1.0,11,26,3,'handle.STL','/static/models/钻床模型/1580832149401996.STL',0.0,1.0,1.0,1.0,1.0,0.5,0.5,0.0,0.0,0.0);
INSERT INTO vmm_load_models_conf VALUES(110,-8.1072870427406797944,6.1666775648163252299,-52.93426519632930649,0.0,0.0,0.0,1,'2020-02-15 08:30:13.969723','2020-02-15 08:30:13.969723',0.63000000000000000444,0.63000000000000000444,0.63000000000000000444,0,1.0,1.0,1.0,72,26,4,'celjusti.STL','/static/models/F_6140_zhuti/1581327520316307.STL',0.0,1.0,1.0,1.0,1.0,0.5,0.5,0.0,0.0,0.0);
INSERT INTO vmm_load_models_conf VALUES(111,2053.005064462035989,2802.469393780746941,670.54622779185206128,0.0,0.0,0.0,1,'2020-02-15 08:31:13.969074','2020-02-15 08:31:13.969074',0.63000000000000000444,0.63000000000000000444,0.63000000000000000444,0,1.0,1.0,1.0,72,26,5,'celjusti.STL','/static/models/F_6140_zhuti/1581327520316307.STL',0.0,1.0,1.0,1.0,0.68730818454169950726,0.5,0.5,-948.41291393681240147,0.0,0.0);
INSERT INTO vmm_load_models_conf VALUES(112,-964.50961190263490149,80.066551530523383918,-184.92154044791232081,0.0,0.0,0.0,1,'2020-02-15 09:13:52.327631','2020-02-15 09:13:52.327631',0.63000000000000000444,0.63000000000000000444,0.63000000000000000444,0,1.0,1.0,1.0,10,26,6,'gongzuotai.STL','/static/models/钻床模型/1580832149111749.STL',0.0,1.0,1.0,1.0,1.0,0.5,0.5,0.0,0.0,0.0);
INSERT INTO vmm_load_models_conf VALUES(113,-788.32382612521496412,489.81294914928150772,563.80616890772762418,0.0,0.0,0.0,1,'2020-02-15 09:15:05.892315','2020-02-15 09:15:05.892315',0.63000000000000000444,0.63000000000000000444,0.63000000000000000444,0,1.0,1.0,1.0,15,26,7,'jiaju.STL','/static/models/钻床模型/1580832150662600.STL',0.0,1.0,1.0,1.0,1.0,0.5,0.5,0.0,0.0,0.0);
INSERT INTO vmm_load_models_conf VALUES(114,156.53458234480669375,550.02855933037199066,569.73139974931109462,0.0,0.0,0.0,1,'2020-02-15 09:18:50.533378','2020-02-15 09:18:50.533378',0.63000000000000000444,0.63000000000000000444,0.63000000000000000444,0,1.0,1.0,1.0,11,26,8,'handle.STL','/static/models/钻床模型/1580832149401996.STL',0.0,1.0,1.0,1.0,1.0,0.5,0.5,0.0,0.0,0.0);
INSERT INTO vmm_load_models_conf VALUES(115,-319.76612477533853961,3978.0261463520810139,-2257.5940588933272011,1.5707963267948965579,0.0,0.0,1,'2020-02-15 09:20:58.859410','2020-02-15 09:20:58.859410',0.10906776942265300478,0.10906776942265300478,0.37171038861421401566,0,1.0,1.0,1.0,13,26,9,'daobing.STL','/static/models/钻床模型/1580832150084147.STL',0.0,1.0,1.0,1.0,1.0,0.5,0.5,-948.41291393681240147,0.0,0.0);
INSERT INTO vmm_load_models_conf VALUES(116,252.64220581026961554,-564.58213167026133306,-872.22741854927357966,0.0,0.0,0.0,1,'2020-02-15 09:21:39.781983','2020-02-15 09:21:39.781983',0.63000000000000000444,0.63000000000000000444,0.63000000000000000444,0,1.0,1.0,1.0,17,26,10,'jichuangzhuti1.STL','/static/models/钻床模型/1580832151081478.STL',0.0,1.0,1.0,1.0,1.0,0.5,0.5,0.0,0.0,0.0);
INSERT INTO vmm_load_models_conf VALUES(117,-1422.3483882848970551,-777.20498176327600958,-709.97054939174313401,0.0,0.0,0.0,1,'2020-02-15 09:28:55.013712','2020-02-15 09:28:55.013712',0.63000000000000000444,0.63000000000000000444,0.63000000000000000444,0,1.0,1.0,1.0,15,26,11,'jiaju.STL','/static/models/钻床模型/1580832150662600.STL',0.0,1.0,1.0,1.0,1.0,0.5,0.5,0.0,0.0,0.0);
INSERT INTO vmm_load_models_conf VALUES(118,1910.7184585085324216,445.96338657179552455,368.61156988856180305,0.0,0.0,0.0,1,'2020-02-15 09:29:15.298344','2020-02-15 09:29:15.298344',0.63000000000000000444,0.63000000000000000444,0.63000000000000000444,0,1.0,1.0,1.0,15,26,12,'jiaju.STL','/static/models/钻床模型/1580832150662600.STL',0.0,1.0,1.0,1.0,1.0,0.5,0.5,0.0,0.0,0.0);
INSERT INTO vmm_load_models_conf VALUES(119,-1995.4749572562877802,5674.2538579324791497,-1231.4015415538942761,0.0,0.0,0.0,1,'2020-02-16 13:01:42.641449','2020-02-16 13:01:42.641449',0.63000000000000000444,0.63000000000000000444,0.63000000000000000444,0,1.0,1.0,1.0,11,26,10,'handle.STL','/static/models/钻床模型/1580832149401996.STL',0.0,1.0,1.0,1.0,1.0,0.5,0.5,-948.41291393681240147,0.0,0.0);
INSERT INTO vmm_load_models_conf VALUES(120,1987.3427978662252827,573.73866413646260296,378.05956432253947242,0.0,0.0,0.0,1,'2020-02-16 17:20:27.335035','2020-02-16 17:20:27.335035',0.63000000000000000444,0.63000000000000000444,0.63000000000000000444,0,1.0,1.0,1.0,13,26,11,'daobing.STL','/static/models/钻床模型/1580832150084147.STL',0.0,1.0,1.0,1.0,1.0,0.5,0.5,0.0,0.0,0.0);
INSERT INTO vmm_load_models_conf VALUES(121,-746.5828426827392832,-149.19337623083825405,-19.748953444859012051,0.0,0.0,0.0,1,'2020-02-16 17:20:47.444811','2020-02-16 17:20:47.444811',0.63000000000000000444,0.63000000000000000444,0.63000000000000000444,0,1.0,1.0,1.0,12,26,12,'handle_ashok.STL','/static/models/钻床模型/1580832149665267.STL',0.0,1.0,1.0,1.0,1.0,0.5,0.5,0.0,0.0,0.0);
INSERT INTO vmm_load_models_conf VALUES(122,1204.6208445662641679,456.1818589464692195,0.76559009544087075482,0.0,0.0,0.0,1,'2020-02-16 17:28:23.121667','2020-02-16 17:28:23.121667',0.63000000000000000444,0.63000000000000000444,0.63000000000000000444,0,1.0,1.0,1.0,15,26,13,'jiaju.STL','/static/models/钻床模型/1580832150662600.STL',0.0,1.0,1.0,1.0,1.0,0.5,0.5,0.0,0.0,0.0);
INSERT INTO vmm_load_models_conf VALUES(123,-308.0248064286078602,1534.9493832348298383,-362.97044718412047358,0.0,0.0,0.0,1,'2020-02-16 17:28:49.638322','2020-02-16 17:28:49.638322',0.63000000000000000444,0.63000000000000000444,0.63000000000000000444,0,1.0,1.0,1.0,10,26,14,'gongzuotai.STL','/static/models/钻床模型/1580832149111749.STL',0.0,1.0,1.0,1.0,1.0,0.5,0.5,0.0,0.0,0.0);
INSERT INTO vmm_load_models_conf VALUES(124,-1746.2598963459577134,373.81096059712263014,-84.276041336405114632,0.0,0.0,0.0,1,'2020-02-16 17:31:51.809383','2020-02-16 17:31:51.809383',0.63000000000000000444,0.63000000000000000444,0.63000000000000000444,0,1.0,1.0,1.0,11,26,15,'handle.STL','/static/models/钻床模型/1580832149401996.STL',0.0,1.0,1.0,1.0,1.0,0.5,0.5,0.0,0.0,0.0);
INSERT INTO vmm_load_models_conf VALUES(125,13.871489378787089207,-312.32847326165995127,-41.099180930523765199,0.0,0.0,0.0,1,'2020-02-16 17:41:09.685022','2020-02-16 17:41:09.685022',0.63000000000000000444,0.63000000000000000444,0.63000000000000000444,0,1.0,1.0,1.0,11,26,16,'handle.STL','/static/models/钻床模型/1580832149401996.STL',0.0,1.0,1.0,1.0,1.0,0.5,0.5,0.0,0.0,0.0);
INSERT INTO vmm_load_models_conf VALUES(126,-291.66701965652737271,1134.3144764419466809,-271.49994343358446258,0.0,0.0,0.0,1,'2020-02-16 17:45:43.902762','2020-02-16 17:45:43.902762',0.63000000000000000444,0.63000000000000000444,0.63000000000000000444,0,1.0,1.0,1.0,10,26,15,'gongzuotai.STL','/static/models/钻床模型/1580832149111749.STL',0.0,1.0,1.0,1.0,1.0,0.5,0.5,0.0,0.0,0.0);
INSERT INTO vmm_load_models_conf VALUES(127,1690.6299414184788929,200.6929462557306465,380.7961836514115248,0.0,0.0,0.0,1,'2020-02-16 17:45:44.013126','2020-02-16 17:45:44.013126',0.63000000000000000444,0.63000000000000000444,0.63000000000000000444,0,1.0,1.0,1.0,15,26,16,'jiaju.STL','/static/models/钻床模型/1580832150662600.STL',0.0,1.0,1.0,1.0,1.0,0.5,0.5,0.0,0.0,0.0);
INSERT INTO vmm_load_models_conf VALUES(128,-584.34677747644116151,641.13232469148647395,-565.03711016927627495,0.0,0.0,0.0,1,'2020-02-16 17:51:15.546295','2020-02-16 17:51:15.546295',0.63000000000000000444,0.63000000000000000444,0.63000000000000000444,0,1.0,1.0,1.0,13,26,16,'daobing.STL','/static/models/钻床模型/1580832150084147.STL',0.0,1.0,1.0,1.0,1.0,0.5,0.5,0.0,0.0,0.0);
INSERT INTO vmm_load_models_conf VALUES(129,-54.7750739770455084,-16.680427214543556146,-271.09390049014928081,0.0,0.0,0.0,1,'2020-02-16 17:51:15.667874','2020-02-16 17:51:15.667874',0.63000000000000000444,0.63000000000000000444,0.63000000000000000444,0,1.0,1.0,1.0,13,26,17,'daobing.STL','/static/models/钻床模型/1580832150084147.STL',0.0,1.0,1.0,1.0,1.0,0.5,0.5,0.0,0.0,0.0);
INSERT INTO vmm_load_models_conf VALUES(130,92.962968861506510617,67.322730214181561335,667.4720790086701072,0.0,0.0,0.0,1,'2020-02-17 04:41:18.503011','2020-02-17 04:41:18.503011',0.63000000000000000444,0.63000000000000000444,0.63000000000000000444,0,1.0,1.0,1.0,18,26,17,'lizhu.STL','/static/models/钻床模型/1580832151258010.STL',0.0,1.0,1.0,1.0,1.0,0.5,0.5,0.0,0.0,0.0);
INSERT INTO vmm_load_models_conf VALUES(131,459.16258271189701644,-252.746796745560232,56.590594746837346918,0.0,0.0,0.0,1,'2020-02-17 04:45:16.563288','2020-02-17 04:45:16.563288',0.63000000000000000444,0.63000000000000000444,0.63000000000000000444,0,1.0,1.0,1.0,20,26,18,'stopper.STL','/static/models/钻床模型/1580832151957136.STL',0.0,1.0,1.0,1.0,1.0,0.5,0.5,0.0,0.0,0.0);
INSERT INTO vmm_load_models_conf VALUES(132,1442.8957967081228161,398.61282694662259018,457.69566670754932148,0.0,0.0,0.0,1,'2020-02-17 04:56:00.406167','2020-02-17 04:56:00.406167',0.63000000000000000444,0.63000000000000000444,0.63000000000000000444,0,1.0,1.0,1.0,14,26,17,'daoju.STL','/static/models/钻床模型/1580832150410275.STL',0.0,1.0,1.0,1.0,1.0,0.5,0.5,0.0,0.0,0.0);
INSERT INTO vmm_load_models_conf VALUES(133,132.0099999999999909,123.01000000000000511,54.112301987659151337,0.0,0.0,0.0,1,'2020-02-17 05:06:20.527100','2020-02-17 05:06:20.527100',0.63000000000000000444,0.63000000000000000444,0.63000000000000000444,0,1.0,1.0,1.0,14,26,18,'daoju.STL','/static/models/钻床模型/1580832150410275.STL',0.0,1.0,1.0,1.0,1.0,0.5,0.5,0.0,0.0,0.0);
INSERT INTO vmm_load_models_conf VALUES(134,0.010000000000000000208,0.010000000000000000208,0.029999999999999998889,0.0,0.0,0.0,1,'2020-02-17 05:09:35.266950','2020-02-17 05:09:35.266950',0.63000000000000000444,0.63000000000000000444,0.63000000000000000444,0,1.0,1.0,1.0,15,26,19,'jiaju.STL','/static/models/钻床模型/1580832150662600.STL',0.0,1.0,1.0,1.0,1.0,0.5,0.5,0.0,0.0,0.0);
INSERT INTO vmm_load_models_conf VALUES(135,650.96630590633753855,-3.639941875780891678,-60.604465647337292465,0.0,0.0,0.0,0,'2020-02-17 07:03:08.134205','2020-02-17 07:03:08.134205',0.63000000000000000444,0.63000000000000000444,0.63000000000000000444,0,1.0,1.0,1.0,11,26,19,'handle.STL','/static/models/钻床模型/1580832149401996.STL',0.0,1.0,1.0,1.0,1.0,0.5,0.5,0.0,0.0,0.0);
INSERT INTO vmm_load_models_conf VALUES(136,0.010000000000000000208,0.010000000000000000208,95.534965896244642639,1.5707963267948965579,0.0,0.0,1,'2020-02-17 07:03:28.440303','2020-02-17 07:03:28.440303',0.63000000000000000444,0.63000000000000000444,0.63000000000000000444,0,1.0,1.0,1.0,13,26,20,'daobing.STL','/static/models/钻床模型/1580832150084147.STL',0.0,1.0,1.0,1.0,1.0,0.5,0.5,0.0,0.0,0.0);
INSERT INTO vmm_load_models_conf VALUES(137,0.0,0.0,0.0,0.0,0.0,0.0,1,'2020-02-17 07:03:48.248847','2020-02-17 07:03:48.248847',0.63000000000000000444,0.63000000000000000444,0.63000000000000000444,0,1.0,1.0,1.0,13,26,21,'daobing.STL','/static/models/钻床模型/1580832150084147.STL',0.0,1.0,1.0,1.0,1.0,0.5,0.5,0.0,0.0,0.0);
INSERT INTO vmm_load_models_conf VALUES(138,0.0,0.0,0.0,0.0,0.0,0.0,0,'2020-02-17 15:29:50.181183','2020-02-17 15:29:50.181194',0.63000000000000000444,0.63000000000000000444,0.63000000000000000444,0,1.0,1.0,1.0,10,26,20,'gongzuotai.STL','/static/models/钻床模型/1580832149111749.STL',0.0,1.0,1.0,1.0,1.0,0.5,0.5,0.0,0.0,0.0);
CREATE TABLE IF NOT EXISTS "vmm_users" ("id" integer NOT NULL PRIMARY KEY AUTOINCREMENT, "usertype" integer NOT NULL, "username" varchar(255) NOT NULL, "password" varchar(255) NOT NULL, "createtime" datetime NOT NULL, "updatetime" datetime NOT NULL, "is_delete" bool NOT NULL);
INSERT INTO vmm_users VALUES(1,0,'hugo','1234','2020-02-16 04:56:34.914071','2020-02-16 04:56:34.914071',0);
INSERT INTO vmm_users VALUES(2,1,'dino','1234','2020-02-17 05:48:38.574467','2020-02-17 05:48:38.574467',0);
CREATE TABLE IF NOT EXISTS "vmm_folder" ("id" integer NOT NULL PRIMARY KEY AUTOINCREMENT, "folder_name" varchar(255) NOT NULL, "is_delete" bool NOT NULL, "f_createtime" datetime NOT NULL, "f_updatetime" datetime NOT NULL, "folder_id" integer NOT NULL);
INSERT INTO vmm_folder VALUES(16,'钻床模型',0,'2020-02-04 16:01:51.516112','2020-02-04 16:01:51.516112',1);
INSERT INTO vmm_folder VALUES(17,'工作台不升降铣床',1,'2020-02-05 06:38:14.913927','2020-02-05 06:38:14.913927',1);
INSERT INTO vmm_folder VALUES(18,'车床',1,'2020-02-07 02:50:18.451222','2020-02-07 02:50:18.451222',1);
INSERT INTO vmm_folder VALUES(19,'6140车床',0,'2020-02-08 13:20:51.050614','2020-02-08 13:20:51.050614',1);
INSERT INTO vmm_folder VALUES(20,'test',1,'2020-02-09 09:39:06.903684','2020-02-09 09:39:06.903684',1);
INSERT INTO vmm_folder VALUES(21,'F_6140_zhuti',0,'2020-02-10 09:36:47.120931','2020-02-10 09:36:47.120931',1);
INSERT INTO vmm_folder VALUES(22,'F_6140_jinji',0,'2020-02-10 09:37:13.395283','2020-02-10 09:37:13.395283',1);
INSERT INTO vmm_folder VALUES(23,'F_6140_daojia',0,'2020-02-10 09:37:23.595827','2020-02-10 09:37:23.595827',1);
INSERT INTO vmm_folder VALUES(24,'F_6140_weizuo',0,'2020-02-10 09:37:50.045523','2020-02-10 09:37:50.045523',1);
CREATE TABLE IF NOT EXISTS "vmm_views" ("id" integer NOT NULL PRIMARY KEY AUTOINCREMENT, "view_name" varchar(255) NOT NULL, "f_createtime" datetime NOT NULL, "is_delete" bool NOT NULL, "parent_id" integer NOT NULL, "folder_id" integer NOT NULL);
INSERT INTO vmm_views VALUES(4,'zuanchaung','2020-02-04 16:03:05.507359',0,0,1);
INSERT INTO vmm_views VALUES(5,'gztbsj_xichuang','2020-02-05 06:38:54.575797',1,0,1);
INSERT INTO vmm_views VALUES(6,'child_view1','2020-02-06 00:47:30.131196',1,5,1);
INSERT INTO vmm_views VALUES(7,'ch_v2','2020-02-06 01:21:58.316486',1,5,1);
INSERT INTO vmm_views VALUES(8,'123','2020-02-06 02:27:56.518922',1,0,1);
INSERT INTO vmm_views VALUES(9,'qqqqqqqqqqqqqq','2020-02-06 02:36:43.191799',1,0,1);
INSERT INTO vmm_views VALUES(10,'lishizuanchuang','2020-02-06 03:16:38.563054',0,4,1);
INSERT INTO vmm_views VALUES(11,'hugo_test','2020-02-06 11:11:33.179634',1,0,1);
INSERT INTO vmm_views VALUES(12,'test','2020-02-07 02:42:49.675405',1,11,1);
INSERT INTO vmm_views VALUES(13,'6140chechuang','2020-02-08 13:22:40.436023',0,0,1);
INSERT INTO vmm_views VALUES(14,'zhuti','2020-02-08 13:23:35.035945',0,13,1);
INSERT INTO vmm_views VALUES(15,'weizuo','2020-02-08 14:02:50.442342',0,13,1);
INSERT INTO vmm_views VALUES(16,'jinjijigou','2020-02-08 14:08:08.623579',0,13,1);
INSERT INTO vmm_views VALUES(17,'daojia','2020-02-08 14:11:03.890507',0,13,1);
INSERT INTO vmm_views VALUES(18,'jiapan','2020-02-08 14:56:45.675807',0,13,1);
INSERT INTO vmm_views VALUES(19,'liuganxiang','2020-02-09 14:14:33.714886',0,13,1);
INSERT INTO vmm_views VALUES(20,'F_6140','2020-02-10 09:40:02.276352',0,0,1);
INSERT INTO vmm_views VALUES(21,'f6140_jinji','2020-02-10 09:40:35.485019',0,20,1);
INSERT INTO vmm_views VALUES(22,'f6140_zhuti','2020-02-10 09:41:47.645695',0,20,1);
INSERT INTO vmm_views VALUES(23,'f6140_weizuo','2020-02-10 09:42:06.574739',0,20,1);
INSERT INTO vmm_views VALUES(24,'f6140_daojia','2020-02-10 09:42:16.478186',0,20,1);
INSERT INTO vmm_views VALUES(25,'test_15','2020-02-15 05:45:44.102899',0,0,1);
INSERT INTO vmm_views VALUES(26,'test_15_1','2020-02-15 05:45:58.212297',0,25,1);
DELETE FROM sqlite_sequence;
INSERT INTO sqlite_sequence VALUES('django_migrations',33);
INSERT INTO sqlite_sequence VALUES('django_admin_log',3);
INSERT INTO sqlite_sequence VALUES('django_content_type',12);
INSERT INTO sqlite_sequence VALUES('auth_permission',48);
INSERT INTO sqlite_sequence VALUES('auth_user',1);
INSERT INTO sqlite_sequence VALUES('auth_group',0);
INSERT INTO sqlite_sequence VALUES('vmm_com_model',92);
INSERT INTO sqlite_sequence VALUES('vmm_display_views',5);
INSERT INTO sqlite_sequence VALUES('vmm_load_models_conf',138);
INSERT INTO sqlite_sequence VALUES('vmm_users',2);
INSERT INTO sqlite_sequence VALUES('vmm_folder',24);
INSERT INTO sqlite_sequence VALUES('vmm_views',26);
CREATE UNIQUE INDEX "auth_group_permissions_group_id_permission_id_0cd325b0_uniq" ON "auth_group_permissions" ("group_id", "permission_id");
CREATE INDEX "auth_group_permissions_group_id_b120cbf9" ON "auth_group_permissions" ("group_id");
CREATE INDEX "auth_group_permissions_permission_id_84c5c92e" ON "auth_group_permissions" ("permission_id");
CREATE UNIQUE INDEX "auth_user_groups_user_id_group_id_94350c0c_uniq" ON "auth_user_groups" ("user_id", "group_id");
CREATE INDEX "auth_user_groups_user_id_6a12ed8b" ON "auth_user_groups" ("user_id");
CREATE INDEX "auth_user_groups_group_id_97559544" ON "auth_user_groups" ("group_id");
CREATE UNIQUE INDEX "auth_user_user_permissions_user_id_permission_id_14a6b632_uniq" ON "auth_user_user_permissions" ("user_id", "permission_id");
CREATE INDEX "auth_user_user_permissions_user_id_a95ead1b" ON "auth_user_user_permissions" ("user_id");
CREATE INDEX "auth_user_user_permissions_permission_id_1fbb5f2c" ON "auth_user_user_permissions" ("permission_id");
CREATE INDEX "django_admin_log_content_type_id_c4bce8eb" ON "django_admin_log" ("content_type_id");
CREATE INDEX "django_admin_log_user_id_c564eba6" ON "django_admin_log" ("user_id");
CREATE UNIQUE INDEX "django_content_type_app_label_model_76bd3d3b_uniq" ON "django_content_type" ("app_label", "model");
CREATE UNIQUE INDEX "auth_permission_content_type_id_codename_01ab375a_uniq" ON "auth_permission" ("content_type_id", "codename");
CREATE INDEX "auth_permission_content_type_id_2f476e4b" ON "auth_permission" ("content_type_id");
CREATE INDEX "django_session_expire_date_a5c62663" ON "django_session" ("expire_date");
COMMIT;
